decisions,propagations,conflicts,user-propagations,final-checks,problem,length,steps,mutexes,propagator
2,22,1,0,1,grounder_dcrm_qurm_tsp-2,2,2,5,exists
89,2103,42,22,1,grounder_dcrm_qurm_strips-gripper-x-1,12,4,36,exists-decide
1045,49306,549,152,1,grounder_dcrm_qurm_strips-gripper-x-1,11,7,236,forall-decide
6,956,8,0,1,grounder_dcrm_qurm_printjob,15,9,253,exists
399,10925,48,10,11,grounder_dcrm_qurm_printjob,22,11,121,exists-final
7701,847078,3428,0,1,grounder_dcrm_qurm_pfile03,7,7,0,forall-final
7097,833567,3118,47,1,grounder_dcrm_qurm_pfile02,7,7,974,exists-lazy
35,70,1,0,1,grounder_dcrm_qurm_strips-movie-x-3,7,2,0,exists-lazy
448,32609,183,29,1,grounder_dcrm_qurm_roverprob3726,17,8,57,exists-decide
2,32,2,0,1,grounder_dcrm_qurm_instance_2_3,1,1,0,forall-code
441,15355,165,57,1,grounder_dcrm_qurm_name,10,10,190,forall-lazy
44,2750,21,0,1,grounder_dcrm_qurm_printjob,22,11,454,exists
6914,709631,2737,306,1,grounder_dcrm_qurm_name,23,23,421,exists-decide
36,1590,16,3,1,grounder_dcrm_qurm_printjob,15,9,6,forall-code
642,30518,153,21,1,grounder_dcrm_qurm_roverprob3726,18,8,154,forall-lazy
40,3143,15,6,1,grounder_dcrm_qurm_problem_x,9,9,12,exists-lazy
3,5,0,0,1,grounder_dcrm_qurm_briefcase-o1,1,1,0,exists-lazy
34,4315,22,7,1,grounder_dcrm_qurm_problem_x,9,9,14,forall-lazy
216,8465,56,17,1,grounder_dcrm_qurm_printjob,22,11,17,exists-code
34,218,7,7,1,grounder_dcrm_qurm_briefcase-o3,2,2,14,exists-lazy
2,32,2,0,1,grounder_dcrm_qurm_instance_2_3,1,1,0,forall-final
38,2498,33,0,1,grounder_dcrm_qurm_grounded-strips-psr-s2-n1-l2-f50,9,7,33,exists
678,28335,188,633,1,grounder_dcrm_qurm_ztravel-2-4,13,5,2959,forall-prop
7500,864672,3432,1374,1,grounder_dcrm_qurm_pfile03,7,7,12767,forall-prop
379,23637,156,0,1,grounder_dcrm_qurm_roverprob3726,16,8,4475,exists
417,34265,172,8,1,grounder_dcrm_qurm_roverprob4213,9,7,96,forall-decide
30,65,1,0,1,grounder_dcrm_qurm_strips-movie-x-2,7,2,0,forall-code
16507,2334167,8471,0,1,grounder_dcrm_qurm_pfile01,9,9,0,forall-final
7600,629338,2484,252,1,grounder_dcrm_qurm_name,23,23,1131,exists-stepshare
754,22837,166,0,1,grounder_dcrm_qurm_ztravel-2-4,12,5,1926,forall
33,3563,17,0,1,grounder_dcrm_qurm_problem_x,17,9,1775,forall
51,10033,29,2,1,grounder_dcrm_qurm_problem_x,17,9,3,forall-code
2184,84073,920,187,1,grounder_dcrm_qurm_strips-gripper-x-1,11,7,288,forall-code
188,2221,16,3,1,grounder_dcrm_qurm_pathways-01,9,5,8,exists-stepshare
5426,402500,1470,0,1,grounder_dcrm_qurm_prob1,26,7,20065,forall
1,2,0,0,1,grounder_dcrm_qurm_tsp-1,1,1,0,forall-lazy
21186,2680394,10017,51,1,grounder_dcrm_qurm_pfile01,9,9,1408,exists-lazy
48734,6622269,11771,8466,1,grounder_dcrm_qurm_prob1,57,14,100713,forall-prop
121316,21654266,87599,0,1,grounder_dcrm_qurm_power1,21,16,5198,exists
131,1246,22,7,1,grounder_dcrm_qurm_network1new_all_6_2_instance,5,3,8,exists-decide
26,1252,14,6,1,grounder_dcrm_qurm_pegsolitaire-sequential-002,5,5,12,exists-lazy
356,10348,56,16,1,grounder_dcrm_qurm_printjob,22,11,16,exists-decide
3692,122672,1064,218,1,grounder_dcrm_qurm_network1new_all_6_4_instance,12,6,530,exists-lazy
64,795,12,29,1,grounder_dcrm_qurm_network1new_all_6_2_instance,5,3,278,exists-prop
21186,2680394,10017,51,1,grounder_dcrm_qurm_pfile01,9,9,1274,forall-code
32876,1687370,4476,212,1,grounder_dcrm_qurm_pegsolitaire-sequential-011,9,9,490,forall-lazy
208,9623,62,10,11,grounder_dcrm_qurm_grounded-strips-psr-s5-n1-l3-f30,13,8,39,exists-final
453,7684,36,15,1,grounder_dcrm_qurm_pathways-02,25,7,49,exists-stepshare
425,5373,29,123,1,grounder_dcrm_qurm_pathways-02,23,7,515,forall-prop
115,4096,16,0,1,grounder_dcrm_qurm_pathways-02,20,7,606,forall
2,733,9,1,1,grounder_dcrm_qurm_problem_x,8,8,1,exists-decide
453,7684,36,15,1,grounder_dcrm_qurm_pathways-02,25,7,49,exists-stepshare
281463,9105491,12395,9574,1,grounder_dcrm_qurm_original,10,6,20669,forall-code
269,4412,23,117,1,grounder_dcrm_qurm_pathways-02,29,7,422,exists-prop
34654,2805187,7430,655,1,grounder_dcrm_qurm_grounded-truck-1,13,11,901,forall-code
34,220,7,7,1,grounder_dcrm_qurm_briefcase-o3,2,2,3,exists-stepshare
177029,30224961,57482,6241,1,grounder_dcrm_qurm_truck-2,17,14,9524,forall-decide
453,7684,36,15,1,grounder_dcrm_qurm_pathways-02,25,7,15,exists-code
2886,67665,179,2,1,grounder_dcrm_qurm_strips-sat-x-1,14,6,180,exists-lazy
159054,34730421,129331,469,1,grounder_dcrm_qurm_power1,19,19,993,forall-decide
113,7550,60,0,1,grounder_dcrm_qurm_grounded-strips-psr-s7-n1-l3-f70,12,8,133,forall
188,2221,16,3,1,grounder_dcrm_qurm_pathways-01,9,5,6,forall-code
2805,50639,329,131,1,grounder_dcrm_qurm_network1new_all_8_3_instance,12,6,280,exists-lazy
46,5677,21,73,1,grounder_dcrm_qurm_problem_x,17,9,685,forall-prop
25,60,1,0,1,grounder_dcrm_qurm_strips-movie-x-1,7,2,1,forall-prop
31693,967851,1849,631,1,grounder_dcrm_qurm_prob1,58,12,814,exists-decide
2,23,1,0,1,grounder_dcrm_qurm_instance_2_3,1,1,0,forall-decide
1198,38649,289,51,52,grounder_dcrm_qurm_name,10,10,348,exists-final
82226,8946369,13463,1718,1,grounder_dcrm_qurm_truck-3,21,9,4025,exists-stepshare
20,627,9,1,2,grounder_dcrm_qurm_printjob,8,8,4,forall-final
8,8,0,0,1,grounder_dcrm_qurm_briefcase-o2,1,1,0,forall-decide
61,6001,51,5,1,grounder_dcrm_qurm_grounded-strips-psr-s7-n1-l3-f70,12,8,171,forall-prop
461,16215,86,40,1,grounder_dcrm_qurm_pathways-03,19,8,86,forall-lazy
42,6707,29,19,1,grounder_dcrm_qurm_problem_x,17,9,415,exists-prop
296,13372,112,0,1,grounder_dcrm_qurm_dlog-2-2-4,22,7,2064,forall
499213,43852038,89916,7318,1,grounder_dcrm_qurm_truck-2,17,14,12319,forall-lazy
8018,370766,1023,0,1,grounder_dcrm_qurm_pegsolitaire-sequential-014,9,9,7608,forall
6904,56079,104,46,47,grounder_dcrm_qurm_pathways-03,18,8,1279,forall-final
38893,5414250,23485,9,1,grounder_dcrm_qurm_power1,19,15,19181,exists-prop
1040431,90785093,477613,5899,1,grounder_dcrm_qurm_grounded-strips-os-sequencedstrips-small-5,25,15,32657,exists-prop
247,9816,58,19,1,grounder_dcrm_qurm_printjob,22,11,68,exists-lazy
1499239,138720605,674307,0,1,grounder_dcrm_qurm_grounded-strips-os-sequencedstrips-small-6,25,16,3165,exists
189,898,21,0,1,grounder_dcrm_qurm_mprime-x-1,10,4,1116,exists
6354,674856,2418,0,1,grounder_dcrm_qurm_pfile02,7,7,0,exists-final
51,10033,29,2,1,grounder_dcrm_qurm_problem_x,17,9,3,forall-lazy
2,32,2,0,1,grounder_dcrm_qurm_instance_2_3,1,1,0,exists-stepshare
30715,1502474,4050,196,1,grounder_dcrm_qurm_pegsolitaire-sequential-011,9,9,438,exists-lazy
328,22135,140,0,1,grounder_dcrm_qurm_roverprob3726,16,8,4475,forall
8023,925373,3523,65,1,grounder_dcrm_qurm_pfile03,7,7,1348,exists-lazy
18963,3682632,7338,20,1,grounder_dcrm_qurm_strips-sat-x-1,17,9,780,exists-code
7433,66635,281,172,1,grounder_dcrm_qurm_strips-log-x-1,57,6,476,exists-stepshare
44225,5932807,25554,0,1,grounder_dcrm_qurm_power1,25,15,0,exists-lazy
2394193,313633261,1533890,3264,1,grounder_dcrm_qurm_strips-gripper-x-3,23,15,15859,forall-prop
371720,161094706,179664,7722,1,grounder_dcrm_qurm_grounded-truck-3,20,16,10345,forall-decide
30,65,1,0,1,grounder_dcrm_qurm_strips-movie-x-2,7,2,0,exists-final
377,21941,175,225,1,grounder_dcrm_qurm_name,10,10,491,forall-prop
241,6700,81,0,1,grounder_dcrm_qurm_ztravel-1-3,8,6,499,exists
25,60,1,0,1,grounder_dcrm_qurm_strips-movie-x-1,7,2,0,exists-stepshare
954,13989,103,4,5,grounder_dcrm_qurm_ztravel-2-4,10,4,7,exists-final
345,7960,73,29,1,grounder_dcrm_qurm_ztravel-1-2,12,6,44,exists-decide
36,1590,16,3,1,grounder_dcrm_qurm_printjob,15,9,3,exists-code
2,32,2,0,1,grounder_dcrm_qurm_instance_2_1,1,1,2,forall
35,621,14,7,1,grounder_dcrm_qurm_name,4,4,8,exists-stepshare
562,10622,75,15,1,grounder_dcrm_qurm_ztravel-2-4,12,5,59,forall-decide
12,593,9,1,1,grounder_dcrm_qurm_printjob,8,8,4,exists-lazy
17659,273545,616,200,1,grounder_dcrm_qurm_prob1,41,9,534,exists-lazy
3,25,2,2,1,grounder_dcrm_qurm_tsp-2,2,2,4,forall-code
2798,174335,1595,238,1,grounder_dcrm_qurm_strips-gripper-x-2,17,6,382,exists-code
32,3228,27,0,1,grounder_dcrm_qurm_grounded-strips-psr-s7-n1-l3-f70,13,7,0,exists-lazy
1,2,0,0,1,grounder_dcrm_qurm_tsp-1,1,1,0,forall-final
11,2122,14,0,1,grounder_dcrm_qurm_problem_x,9,9,772,forall
504,6233,53,4,1,grounder_dcrm_qurm_ztravel-2-4,12,4,20,exists-code
12,593,9,1,1,grounder_dcrm_qurm_printjob,8,8,2,forall-code
28511,3142535,14551,0,1,grounder_dcrm_qurm_pfile01,9,9,1035,exists
3,45,2,0,1,grounder_dcrm_qurm_instance_2_2,2,1,2,exists-prop
960,18537,145,31,1,grounder_dcrm_qurm_ztravel-2-4,14,5,132,forall-lazy
16522,2907673,6013,7,1,grounder_dcrm_qurm_strips-sat-x-1,18,9,607,exists-stepshare
10130,1969926,4306,366,1,grounder_dcrm_qurm_grounded-truck-2,18,10,483,exists-decide
188,2221,16,3,1,grounder_dcrm_qurm_pathways-01,9,5,3,exists-code
4,27,2,1,2,grounder_dcrm_qurm_tsp-2,2,2,2,forall-final
3,45,2,0,1,grounder_dcrm_qurm_instance_2_2,2,1,0,forall-code
1,2,0,0,1,grounder_dcrm_qurm_tsp-1,1,1,0,forall-decide
135,814,19,2,1,grounder_dcrm_qurm_ztravel-1-3,6,4,3,exists-code
8,668,8,0,1,grounder_dcrm_qurm_name,4,4,36,exists
43781,4410930,25877,864,1,grounder_dcrm_qurm_strips-gripper-x-3,24,8,5930,exists-prop
7701,847078,3428,0,1,grounder_dcrm_qurm_pfile03,7,7,0,exists-final
6909,974108,2785,1106,1,grounder_dcrm_qurm_name,23,23,2273,exists-prop
188,2221,16,3,1,grounder_dcrm_qurm_pathways-01,9,5,6,forall-lazy
643,30518,153,21,1,grounder_dcrm_qurm_roverprob3726,18,8,55,exists-code
25,60,1,0,1,grounder_dcrm_qurm_strips-movie-x-1,7,2,0,exists-final
5722,104203,484,150,151,grounder_dcrm_qurm_dlog-2-2-4,19,7,2003,forall-final
82450,11152639,47639,0,1,grounder_dcrm_qurm_power1,16,16,5390,forall
30693,468933,791,688,1,grounder_dcrm_qurm_original,11,5,743,exists-code
20,627,9,1,2,grounder_dcrm_qurm_printjob,8,8,4,exists-final
32979,3418733,8829,1831,1,grounder_dcrm_qurm_truck-1,13,11,2807,forall-decide
34,4315,22,7,1,grounder_dcrm_qurm_problem_x,9,9,13,forall-code
6869,414113,1562,540,1,grounder_dcrm_qurm_prob1,28,7,998,forall-decide
44225,5932807,25554,0,1,grounder_dcrm_qurm_power1,25,15,0,exists-stepshare
107,2724,52,0,1,grounder_dcrm_qurm_dlog-2-2-4,19,5,1529,exists
67063,12697129,15797,480,1,grounder_dcrm_qurm_grounded-truck-3,23,10,997,exists-stepshare
74893,11380619,24859,3834,1,grounder_dcrm_qurm_prob1,78,14,7038,forall-decide
4496,133175,530,170,1,grounder_dcrm_qurm_pathways-01,37,9,388,forall-decide
8449,97569,201,40,41,grounder_dcrm_qurm_pathways-01,34,9,1439,exists-final
4125,386401,1833,964,1,grounder_dcrm_qurm_pfile02,7,7,7554,exists-prop
92,11165,59,7,1,grounder_dcrm_qurm_grounded-strips-psr-s5-n1-l3-f30,15,8,7,forall-decide
73117,5733885,14368,1510,1,grounder_dcrm_qurm_truck-2,17,10,3026,exists-stepshare
2518,252340,918,318,1,grounder_dcrm_qurm_strips-sat-x-1,12,7,4078,exists-prop
75,13050,49,1,1,grounder_dcrm_qurm_problem_x,17,9,2,exists-lazy
19330,2750096,7412,0,1,grounder_dcrm_qurm_strips-sat-x-1,17,9,2329,exists
26,1252,14,6,1,grounder_dcrm_qurm_pegsolitaire-sequential-002,5,5,12,forall-code
2247,49313,219,489,1,grounder_dcrm_qurm_pathways-01,29,9,871,forall-prop
16,144,9,10,1,grounder_dcrm_qurm_tsp-3,3,3,46,exists-prop
127,964,17,7,1,grounder_dcrm_qurm_network1new_all_6_2_instance,5,3,9,exists-code
1900,13507,51,26,27,grounder_dcrm_qurm_pathways-01,8,5,549,forall-final
30,65,1,0,1,grounder_dcrm_qurm_strips-movie-x-2,7,2,0,exists-lazy
25,60,1,0,1,grounder_dcrm_qurm_strips-movie-x-1,7,2,1,exists-prop
148,6128,86,49,1,grounder_dcrm_qurm_strips-gripper-x-1,12,4,584,exists-prop
16,144,9,9,1,grounder_dcrm_qurm_tsp-3,3,3,53,forall-prop
8,8,0,0,1,grounder_dcrm_qurm_briefcase-o2,1,1,0,exists-lazy
281463,9105491,12395,9574,1,grounder_dcrm_qurm_original,10,6,21723,forall-lazy
3688,88886,615,250,1,grounder_dcrm_qurm_network1new_all_8_3_instance,10,6,523,exists-stepshare
6354,674856,2418,0,1,grounder_dcrm_qurm_pfile02,7,7,0,forall-final
272836,51465289,183053,0,1,grounder_dcrm_qurm_power1,19,19,5390,forall
38,2472,33,0,1,grounder_dcrm_qurm_grounded-strips-psr-s2-n1-l2-f50,9,7,0,exists-stepshare
77,4737,61,2,1,grounder_dcrm_qurm_grounded-strips-psr-s2-n1-l2-f50,9,8,2,forall-lazy
216,8469,56,17,1,grounder_dcrm_qurm_printjob,22,11,65,exists-stepshare
171,4443,26,5,1,grounder_dcrm_qurm_pathways-01,9,5,5,exists-code
461,16215,86,40,1,grounder_dcrm_qurm_pathways-03,19,8,80,forall-code
5778,70784,120,72,1,grounder_dcrm_qurm_mprime-x-2,21,4,124,exists-stepshare
62,11845,42,3,1,grounder_dcrm_qurm_problem_x,17,9,4,forall-decide
164,7802,34,0,1,grounder_dcrm_qurm_pathways-03,20,8,1337,exists
20433,297471,606,196,1,grounder_dcrm_qurm_prob1,33,9,269,exists-code
1460,148617,418,0,1,grounder_dcrm_qurm_grounded-truck-1,13,7,3655,exists
7054,718100,2691,297,1,grounder_dcrm_qurm_name,23,23,1084,forall-lazy
4,12,0,0,1,grounder_dcrm_qurm_briefcase-o2,1,1,36,exists
732,8722,48,25,1,grounder_dcrm_qurm_pathways-02,26,7,25,exists-decide
250,6670,42,17,1,grounder_dcrm_qurm_pathways-03,29,8,33,forall-decide
79,4757,61,2,3,grounder_dcrm_qurm_grounded-strips-psr-s2-n1-l2-f50,9,8,3,forall-final
380,9842,46,9,10,grounder_dcrm_qurm_printjob,22,11,104,forall-final
16,1287,12,4,1,grounder_dcrm_qurm_pegsolitaire-sequential-002,5,5,846,exists-prop
6,779,6,2,1,grounder_dcrm_qurm_pegsolitaire-sequential-002,5,5,2,exists-decide
378,4617,35,3,1,grounder_dcrm_qurm_ztravel-2-4,10,4,9,exists-decide
188,2221,16,3,1,grounder_dcrm_qurm_pathways-01,9,5,8,exists-stepshare
1804,12531,56,962,1,grounder_dcrm_qurm_mprime-x-3,24,4,7137,forall-prop
35,70,1,0,1,grounder_dcrm_qurm_strips-movie-x-3,7,2,0,exists-stepshare
445,31653,228,0,1,grounder_dcrm_qurm_name,10,10,55,exists
2,6,0,0,1,grounder_dcrm_qurm_briefcase-o1,1,1,8,exists
36,1590,16,3,1,grounder_dcrm_qurm_printjob,15,9,12,forall-lazy
8,8,0,0,1,grounder_dcrm_qurm_briefcase-o2,1,1,0,exists-stepshare
11,594,9,1,1,grounder_dcrm_qurm_printjob,8,8,2,forall-decide
501,2483,43,17,1,grounder_dcrm_qurm_mprime-x-1,13,4,39,exists-stepshare
4303,25432,112,43,1,grounder_dcrm_qurm_mprime-x-3,20,4,91,forall-code
6115,617078,2707,696,1,grounder_dcrm_qurm_pfile02,7,7,9056,forall-prop
76,2365,18,0,1,grounder_dcrm_qurm_pathways-01,7,5,898,exists
1,5,0,2,1,grounder_dcrm_qurm_briefcase-o1,1,1,5,forall-prop
3,25,2,2,1,grounder_dcrm_qurm_tsp-2,2,2,9,forall-prop
818,125462,482,1378,1,grounder_dcrm_qurm_roverprob1234,11,9,7639,forall-prop
1,2,0,0,1,grounder_dcrm_qurm_tsp-1,1,1,0,exists-final
1697,181726,575,437,1,grounder_dcrm_qurm_grounded-truck-1,14,7,3494,exists-prop
1849,161226,563,68,1,grounder_dcrm_qurm_grounded-truck-1,15,7,172,exists-lazy
2348,198715,716,61,1,grounder_dcrm_qurm_grounded-truck-1,14,7,84,exists-stepshare
820,106223,406,22,1,grounder_dcrm_qurm_roverprob1234,11,9,238,exists-stepshare
6,732,10,1,1,grounder_dcrm_qurm_problem_x,8,8,1,forall-code
3319,14941,54,22,1,grounder_dcrm_qurm_mprime-x-3,24,3,30,exists-decide
7908,215005,1216,458,1,grounder_dcrm_qurm_prob1,21,7,842,forall-code
76,1928,16,0,1,grounder_dcrm_qurm_pathways-01,8,5,914,exists
965,6331,27,13,14,grounder_dcrm_qurm_pathways-01,8,5,77,exists-final
11849,2260334,5464,679,1,grounder_dcrm_qurm_grounded-truck-1,13,11,969,forall-decide
36352,4052281,26936,1001,1,grounder_dcrm_qurm_strips-gripper-x-2,17,11,1626,forall-decide
759,55859,350,338,1,grounder_dcrm_qurm_dlog-2-2-4,23,7,3238,forall-prop
30,65,1,0,1,grounder_dcrm_qurm_strips-movie-x-2,7,2,1,exists
521,43843,219,20,1,grounder_dcrm_qurm_roverprob4213,9,7,268,forall-lazy
6,732,10,1,1,grounder_dcrm_qurm_problem_x,8,8,1,forall-decide
8058,899972,3233,290,1,grounder_dcrm_qurm_name,23,23,407,exists-code
35,70,1,0,1,grounder_dcrm_qurm_strips-movie-x-3,7,2,0,exists-final
4819,71323,129,82,1,grounder_dcrm_qurm_mprime-x-2,21,4,100,exists-decide
36,1590,16,3,1,grounder_dcrm_qurm_printjob,15,9,6,exists-stepshare
1,2,0,0,1,grounder_dcrm_qurm_tsp-1,1,1,0,forall-prop
6505,1079784,4045,54,1,grounder_dcrm_qurm_pfile03,7,7,1016,forall-decide
11,2069,14,0,1,grounder_dcrm_qurm_problem_x,9,9,624,exists
162057,18609698,36321,2132,1,grounder_dcrm_qurm_grounded-truck-2,17,14,2962,forall-code
93,2039,14,3,4,grounder_dcrm_qurm_printjob,15,9,22,forall-final
698,5321,37,25,1,grounder_dcrm_qurm_pathways-01,8,5,25,exists-decide
3,25,2,2,1,grounder_dcrm_qurm_tsp-2,2,2,4,forall-decide
504,6232,53,4,1,grounder_dcrm_qurm_ztravel-2-4,12,4,35,exists-stepshare
2578,97739,373,31,32,grounder_dcrm_qurm_roverprob3726,16,8,102,forall-final
72,3594,22,0,1,grounder_dcrm_qurm_grounded-strips-psr-s5-n1-l3-f30,16,7,0,exists-stepshare
16,1287,12,4,1,grounder_dcrm_qurm_pegsolitaire-sequential-002,5,5,848,forall-prop
567,3518,28,290,1,grounder_dcrm_qurm_mprime-x-3,17,3,3040,exists-prop
10881,349248,2416,251,252,grounder_dcrm_qurm_network1new_all_6_4_instance,12,6,3892,exists-final
7311,476786,961,153,1,grounder_dcrm_qurm_strips-sat-x-1,15,7,536,forall-lazy
866,26080,168,0,1,grounder_dcrm_qurm_network1new_all_8_3_instance,9,6,5744,exists
18006,837912,2418,99,1,grounder_dcrm_qurm_pegsolitaire-sequential-011,9,9,194,exists-stepshare
10990,622573,1590,0,1,grounder_dcrm_qurm_pegsolitaire-sequential-011,9,9,7608,forall
4,27,2,1,2,grounder_dcrm_qurm_tsp-2,2,2,2,exists-final
30,169,9,9,10,grounder_dcrm_qurm_tsp-3,3,3,30,forall-final
409659,9063045,8236,1120,1121,grounder_dcrm_qurm_prob1,55,13,67689,exists-final
794,73846,371,20,1,grounder_dcrm_qurm_roverprob4213,9,7,106,exists-decide
30,65,1,0,1,grounder_dcrm_qurm_strips-movie-x-2,7,2,1,forall
6846,91325,351,107,1,grounder_dcrm_qurm_pathways-01,33,9,226,exists-lazy
2149,297986,913,48,1,grounder_dcrm_qurm_pegsolitaire-sequential-014,9,9,48,exists-decide
419,2352,43,18,1,grounder_dcrm_qurm_mprime-x-1,13,4,52,exists-lazy
1631951,472743352,761737,2325,1,grounder_dcrm_qurm_strips-sat-x-1,17,15,27586,forall-lazy
4774,141300,1232,247,1,grounder_dcrm_qurm_network1new_all_6_4_instance,12,6,249,exists-code
23,201,5,0,1,grounder_dcrm_qurm_briefcase-o3,2,2,96,exists
3,25,2,2,1,grounder_dcrm_qurm_tsp-2,2,2,7,exists-prop
32,3228,27,0,1,grounder_dcrm_qurm_grounded-strips-psr-s7-n1-l3-f70,13,7,0,exists-code
168,7685,32,0,1,grounder_dcrm_qurm_pathways-03,20,8,1318,exists
171,4443,26,5,1,grounder_dcrm_qurm_pathways-01,9,5,10,exists-lazy
13139,1397732,3424,1551,1,grounder_dcrm_qurm_grounded-truck-2,17,9,8884,exists-prop
158861,774427,1011,813,1,grounder_dcrm_qurm_original,10,5,1037,exists-decide
94,5135,69,4,5,grounder_dcrm_qurm_grounded-strips-psr-s2-n1-l2-f50,8,8,6,exists-final
917,38856,122,906,1,grounder_dcrm_qurm_strips-sat-x-1,15,6,4357,exists-prop
248,3940,47,21,1,grounder_dcrm_qurm_ztravel-1-2,9,6,48,exists-stepshare
254,13162,54,264,1,grounder_dcrm_qurm_pathways-03,18,8,1015,forall-prop
943993,81788916,419227,5742,1,grounder_dcrm_qurm_grounded-strips-os-sequencedstrips-small-4,25,15,31660,exists-prop
816,149544,526,28,1,grounder_dcrm_qurm_roverprob1234,11,9,314,forall-decide
201,6238,46,13,1,grounder_dcrm_qurm_printjob,22,11,51,forall-lazy
2805,50639,329,131,1,grounder_dcrm_qurm_network1new_all_8_3_instance,12,6,264,forall-code
461,16215,86,40,1,grounder_dcrm_qurm_pathways-03,19,8,40,exists-code
699030,58156563,303624,4485,1,grounder_dcrm_qurm_grounded-strips-os-sequencedstrips-small-5,25,15,10532,exists-lazy
51892,815630,1401,1198,1,grounder_dcrm_qurm_original,12,5,2444,exists-stepshare
30290,982773,4335,1799,1,grounder_dcrm_qurm_strips-log-x-1,65,9,3154,forall-decide
326,23785,91,298,1,grounder_dcrm_qurm_pathways-03,18,8,1221,exists-prop
4170,379247,867,2605,1,grounder_dcrm_qurm_strips-sat-x-1,14,7,21315,forall-prop
12,673,10,35,1,grounder_dcrm_qurm_name,4,4,88,exists-prop
281,2748,29,17,1,grounder_dcrm_qurm_dlog-2-2-4,14,5,23,exists-code
89,1003,19,0,1,grounder_dcrm_qurm_network1new_all_6_2_instance,5,3,2366,exists
2,23,1,0,1,grounder_dcrm_qurm_instance_2_3,1,1,0,exists-decide
3,45,2,0,1,grounder_dcrm_qurm_instance_2_2,2,1,0,exists-stepshare
272,5348,59,24,1,grounder_dcrm_qurm_ztravel-1-2,10,6,86,exists-lazy
3,25,2,2,1,grounder_dcrm_qurm_tsp-2,2,2,2,exists-decide
64,1090,25,14,1,grounder_dcrm_qurm_name,4,4,38,forall-code
46,3071,19,5,1,grounder_dcrm_qurm_problem_x,9,9,21,exists-stepshare
201,6238,46,13,1,grounder_dcrm_qurm_printjob,22,11,25,forall-code
2,777,9,0,1,grounder_dcrm_qurm_problem_x,8,8,703,forall
6623,581790,1671,143,1,grounder_dcrm_qurm_grounded-truck-2,18,8,354,exists-lazy
7113,339173,1374,2089,1,grounder_dcrm_qurm_truck-1,15,7,13679,exists-prop
77,13052,49,1,2,grounder_dcrm_qurm_problem_x,17,9,2,forall-final
72,3594,22,0,1,grounder_dcrm_qurm_grounded-strips-psr-s5-n1-l3-f30,16,7,88,exists-prop
66,6236,54,3,1,grounder_dcrm_qurm_grounded-strips-psr-s7-n1-l3-f70,12,8,5,forall-lazy
105,2047,38,25,1,grounder_dcrm_qurm_strips-gripper-x-1,12,4,56,exists-lazy
21,2671,22,0,1,grounder_dcrm_qurm_grounded-strips-psr-s7-n1-l3-f70,13,7,0,exists-decide
111,2585,17,0,1,grounder_dcrm_qurm_pathways-01,7,5,969,forall
594,7965,68,0,1,grounder_dcrm_qurm_mprime-x-3,18,3,68591,exists
44225,5932807,25554,0,1,grounder_dcrm_qurm_power1,25,15,0,exists-code
802,69886,375,501,1,grounder_dcrm_qurm_roverprob4213,9,7,6526,exists-prop
73,6354,55,3,4,grounder_dcrm_qurm_grounded-strips-psr-s7-n1-l3-f70,12,8,10,forall-final
2939,55063,291,26,27,grounder_dcrm_qurm_ztravel-2-4,11,5,104,forall-final
3,5,0,0,1,grounder_dcrm_qurm_briefcase-o1,1,1,0,exists-stepshare
332,22660,127,498,1,grounder_dcrm_qurm_roverprob3726,17,8,4668,forall-prop
82226,8946369,13463,1718,1,grounder_dcrm_qurm_truck-3,21,9,4025,exists-stepshare
1,681,8,1,1,grounder_dcrm_qurm_problem_x,8,8,88,forall-prop
7,451,7,2,1,grounder_dcrm_qurm_printjob,8,8,57,forall-prop
15698,86061,142,69,70,grounder_dcrm_qurm_mprime-x-3,19,4,1748,forall-final
2184,84073,920,187,1,grounder_dcrm_qurm_strips-gripper-x-1,11,7,421,forall-lazy
5615,307045,835,1092,1,grounder_dcrm_qurm_pegsolitaire-sequential-014,9,9,8370,forall-prop
2,5,0,1,1,grounder_dcrm_qurm_briefcase-o1,1,1,3,exists-prop
6,454,7,0,1,grounder_dcrm_qurm_printjob,8,8,81,forall
23118,4937291,10272,818,1,grounder_dcrm_qurm_strips-sat-x-1,18,9,13346,exists-prop
130,2434,17,0,1,grounder_dcrm_qurm_pathways-02,30,7,539,exists
241,1849,24,8,9,grounder_dcrm_qurm_network1new_all_6_2_instance,5,3,88,exists-final
2,32,2,0,1,grounder_dcrm_qurm_instance_2_1,1,1,0,exists-stepshare
2884,385891,834,100,1,grounder_dcrm_qurm_strips-sat-x-1,15,7,409,forall-decide
512,16542,194,56,1,grounder_dcrm_qurm_name,10,10,91,exists-code
186131,13850903,87880,1071,1072,grounder_dcrm_qurm_strips-gripper-x-2,17,11,14953,exists-final
70546,5607241,35219,1142,1,grounder_dcrm_qurm_strips-gripper-x-2,17,11,6349,forall-prop
96,2540,14,0,1,grounder_dcrm_qurm_pathways-02,30,7,551,exists
19167,2941500,10065,40,1,grounder_dcrm_qurm_pfile01,9,9,1069,exists-stepshare
2601,35256,103,59,1,grounder_dcrm_qurm_mprime-x-3,24,4,105,forall-decide
54593,3729847,9791,433,434,grounder_dcrm_qurm_grounded-truck-1,13,11,8684,forall-final
6666,1751185,3694,11,1,grounder_dcrm_qurm_strips-sat-x-1,17,9,483,exists-decide
3,5,0,0,1,grounder_dcrm_qurm_briefcase-o1,1,1,0,exists-stepshare
2,22,1,0,1,grounder_dcrm_qurm_tsp-2,2,2,5,forall
327519,34484142,60208,0,1,grounder_dcrm_qurm_truck-2,17,14,22548,forall
69574,9363950,40782,391,1,grounder_dcrm_qurm_power1,16,16,25126,forall-prop
171,4443,26,5,1,grounder_dcrm_qurm_pathways-01,9,5,10,forall-code
35,60,1,0,1,grounder_dcrm_qurm_strips-movie-x-2,32,2,0,forall-decide
118624,11442344,17527,2122,1,grounder_dcrm_qurm_truck-3,21,9,4831,exists-lazy
207,15196,66,0,1,grounder_dcrm_qurm_pathways-03,22,8,1394,forall
16,1201,12,0,1,grounder_dcrm_qurm_pegsolitaire-sequential-002,5,5,7608,exists
19723,832410,2317,1587,1,grounder_dcrm_qurm_pegsolitaire-sequential-011,9,9,15079,forall-prop
2988,73125,529,754,1,grounder_dcrm_qurm_network1new_all_8_3_instance,10,6,8034,forall-prop
2,733,9,1,2,grounder_dcrm_qurm_problem_x,8,8,3,forall-final
2845,117357,1030,250,1,grounder_dcrm_qurm_network1new_all_6_4_instance,12,6,506,forall-code
3124,30911,125,49,1,grounder_dcrm_qurm_prob1,26,5,154,exists-lazy
3840,581956,2088,42,1,grounder_dcrm_qurm_pfile02,7,7,425,exists-decide
8,8,0,0,1,grounder_dcrm_qurm_briefcase-o2,1,1,0,forall-final
453,7684,36,15,1,grounder_dcrm_qurm_pathways-02,25,7,32,exists-lazy
4625,251622,1013,263,1,grounder_dcrm_qurm_truck-1,13,7,542,exists-stepshare
629,11479,130,21,1,grounder_dcrm_qurm_ztravel-1-3,8,6,82,forall-code
12031,110484,249,98,99,grounder_dcrm_qurm_pathways-03,26,8,2176,exists-final
17490,947477,2239,0,1,grounder_dcrm_qurm_pegsolitaire-sequential-011,9,9,7608,exists
735,96519,419,0,1,grounder_dcrm_qurm_roverprob1234,11,9,2934,exists
91,1996,13,75,1,grounder_dcrm_qurm_pathways-01,7,5,457,forall-prop
2408,65984,426,213,1,grounder_dcrm_qurm_network1new_all_8_3_instance,9,6,220,exists-decide
379,18198,78,39,1,grounder_dcrm_qurm_pathways-03,20,8,78,forall-code
174898,25122685,40641,0,1,grounder_dcrm_qurm_grounded-truck-2,17,14,9222,forall
67,4805,21,3,4,grounder_dcrm_qurm_problem_x,9,9,11,forall-final
191842,37673222,137172,488,1,grounder_dcrm_qurm_power1,19,19,1339,forall-lazy
26220,1172283,1453,139663,1,grounder_dcrm_qurm_original,10,6,471826,forall-prop
2,32,2,0,1,grounder_dcrm_qurm_instance_2_1,1,1,0,forall-code
984,76483,341,13,14,grounder_dcrm_qurm_roverprob4213,9,7,35,exists-final
40,3143,15,6,1,grounder_dcrm_qurm_problem_x,9,9,6,exists-code
644,96174,383,985,1,grounder_dcrm_qurm_roverprob1234,11,9,7311,exists-prop
75295,1166811,1240,220,221,grounder_dcrm_qurm_prob1,42,10,8106,exists-final
2764,99802,694,369,1,grounder_dcrm_qurm_network1new_all_8_3_instance,12,6,762,forall-decide
170,10043,70,50,1,grounder_dcrm_qurm_grounded-strips-psr-s5-n1-l3-f30,15,8,359,forall-prop
2,33,1,0,1,grounder_dcrm_qurm_instance_2_2,2,1,0,exists-decide
67,13619,45,0,1,grounder_dcrm_qurm_problem_x,17,9,0,exists-decide
6599,558408,2810,0,1,grounder_dcrm_qurm_pfile03,7,7,2145,forall
46786,4562932,27878,625,1,grounder_dcrm_qurm_strips-gripper-x-3,24,8,809,exists-stepshare
2050827,195781916,972771,0,1,grounder_dcrm_qurm_grounded-strips-os-sequencedstrips-small-5,24,16,3183,exists
32,3247,27,0,1,grounder_dcrm_qurm_grounded-strips-psr-s7-n1-l3-f70,13,7,67,exists
28507,461408,2712,1262,1,grounder_dcrm_qurm_strips-log-x-1,41,9,2388,forall-lazy
7908,215005,1216,458,1,grounder_dcrm_qurm_prob1,21,7,909,forall-lazy
293,17749,131,0,1,grounder_dcrm_qurm_ztravel-1-2,12,7,492,exists
1476025,144709373,717273,2933,1,grounder_dcrm_qurm_grounded-strips-os-sequencedstrips-small-5,25,15,6650,exists-stepshare
4990,487523,2017,37,1,grounder_dcrm_qurm_pfile02,7,7,812,exists-stepshare
8579,867643,2650,0,1,grounder_dcrm_qurm_strips-sat-x-1,13,7,9397,forall
5085,215764,1032,0,1,grounder_dcrm_qurm_truck-1,15,7,9667,exists
4,761,6,3,1,grounder_dcrm_qurm_pegsolitaire-sequential-002,5,5,6,forall-decide
8,8,0,0,1,grounder_dcrm_qurm_briefcase-o2,1,1,0,exists-final
24694,444309,1213,395,1,grounder_dcrm_qurm_prob1,67,12,1010,exists-lazy
38413,6845662,10653,0,1,grounder_dcrm_qurm_prob1,58,14,28275,forall
3,25,2,2,1,grounder_dcrm_qurm_tsp-2,2,2,4,exists-lazy
1,2,0,0,1,grounder_dcrm_qurm_tsp-1,1,1,0,exists-stepshare
1180,10296,78,37,1,grounder_dcrm_qurm_mprime-x-1,14,5,72,forall-decide
171,4443,26,5,1,grounder_dcrm_qurm_pathways-01,9,5,13,exists-stepshare
171,4443,26,5,1,grounder_dcrm_qurm_pathways-01,9,5,13,exists-stepshare
13547,114363,253,99,100,grounder_dcrm_qurm_pathways-03,29,8,2841,exists-final
2594,18562,50,27,28,grounder_dcrm_qurm_pathways-02,14,7,462,forall-final
18,255,14,12,1,grounder_dcrm_qurm_tsp-3,3,3,9,exists-stepshare
3,5,0,0,1,grounder_dcrm_qurm_briefcase-o1,1,1,0,forall-final
2,733,9,1,1,grounder_dcrm_qurm_problem_x,8,8,1,exists-code
1104,62378,485,530,1,grounder_dcrm_qurm_ztravel-1-2,9,8,2589,forall-prop
109,657,13,21,1,grounder_dcrm_qurm_ztravel-1-3,6,4,195,exists-prop
8,8,0,0,1,grounder_dcrm_qurm_briefcase-o2,1,1,0,forall-lazy
744,4202,64,26,1,grounder_dcrm_qurm_mprime-x-1,17,5,57,forall-lazy
190,467,11,10,11,grounder_dcrm_qurm_briefcase-o3,2,2,43,forall-final
12247,361585,635,33,34,grounder_dcrm_qurm_strips-sat-x-1,14,7,161,exists-final
1413,67413,593,159,1,grounder_dcrm_qurm_ztravel-1-2,10,8,435,forall-lazy
1049118,89621427,459373,6091,1,grounder_dcrm_qurm_grounded-strips-os-sequencedstrips-small-6,24,15,32738,exists-prop
44225,5932807,25554,0,1,grounder_dcrm_qurm_power1,25,15,0,exists-stepshare
642,38462,117,0,1,grounder_dcrm_qurm_strips-sat-x-1,17,6,8249,exists
984,76483,341,13,14,grounder_dcrm_qurm_roverprob4213,9,7,36,forall-final
89,1003,19,0,1,grounder_dcrm_qurm_network1new_all_6_2_instance,5,3,2366,forall
127,964,17,7,1,grounder_dcrm_qurm_network1new_all_6_2_instance,5,3,7,exists-stepshare
227,1757,25,9,10,grounder_dcrm_qurm_network1new_all_6_2_instance,5,3,112,forall-final
2,32,2,0,1,grounder_dcrm_qurm_instance_2_3,1,1,0,exists-code
931,11968,68,40,1,grounder_dcrm_qurm_pathways-02,34,7,78,forall-decide
661,104686,371,32,1,grounder_dcrm_qurm_roverprob1234,10,9,122,exists-decide
3,45,2,0,1,grounder_dcrm_qurm_instance_2_2,2,1,0,exists-code
3,45,2,0,1,grounder_dcrm_qurm_instance_2_2,2,1,0,forall-lazy
3729,48305,140,66,1,grounder_dcrm_qurm_prob1,26,5,165,exists-stepshare
1838,89923,254,0,1,grounder_dcrm_qurm_pathways-01,35,9,146,exists
30312,4219211,12424,192,1,grounder_dcrm_qurm_strips-sat-x-1,11,10,2537,forall-lazy
7602,217177,384,227,1,grounder_dcrm_qurm_mprime-x-2,26,5,407,forall-code
30,65,1,0,1,grounder_dcrm_qurm_strips-movie-x-2,7,2,0,forall-lazy
35,70,1,0,1,grounder_dcrm_qurm_strips-movie-x-3,7,2,1,forall
4763162,636126547,3169867,0,1,grounder_dcrm_qurm_strips-gripper-x-3,23,15,1013,forall
1,2,0,0,1,grounder_dcrm_qurm_tsp-1,1,1,0,exists-decide
3,45,2,0,1,grounder_dcrm_qurm_instance_2_2,2,1,0,forall-final
501,2483,43,17,1,grounder_dcrm_qurm_mprime-x-1,13,4,39,exists-stepshare
5703,307108,1270,307,1,grounder_dcrm_qurm_truck-1,14,7,659,exists-lazy
6505,1079784,4045,54,1,grounder_dcrm_qurm_pfile03,7,7,508,exists-decide
38,2472,33,0,1,grounder_dcrm_qurm_grounded-strips-psr-s2-n1-l2-f50,9,7,0,exists-lazy
862,7479,41,17,1,grounder_dcrm_qurm_pathways-02,21,7,17,exists-code
861,7480,41,17,1,grounder_dcrm_qurm_pathways-02,21,7,34,exists-stepshare
2,32,2,0,1,grounder_dcrm_qurm_instance_2_3,1,1,2,forall
96268,14689772,18807,705,1,grounder_dcrm_qurm_grounded-truck-3,23,10,917,exists-code
816604,68362637,361389,4814,1,grounder_dcrm_qurm_grounded-strips-os-sequencedstrips-small-4,24,15,5392,exists-code
812900,22690546,22880,2395,2396,grounder_dcrm_qurm_prob1,55,14,159651,forall-final
44644,3803780,24676,817,1,grounder_dcrm_qurm_strips-gripper-x-3,23,8,1245,exists-code
682,53963,257,26,1,grounder_dcrm_qurm_roverprob4213,9,7,162,exists-stepshare
53760,1030587,1432,360,361,grounder_dcrm_qurm_prob1,18,7,5212,forall-final
30,1346,17,6,7,grounder_dcrm_qurm_pegsolitaire-sequential-002,5,5,12,forall-final
1798,37720,337,0,1,grounder_dcrm_qurm_strips-log-x-1,56,6,16818,exists
17022,267623,668,239,1,grounder_dcrm_qurm_prob1,40,9,784,exists-stepshare
17099,833528,2558,58,1,grounder_dcrm_qurm_pegsolitaire-sequential-014,9,9,87,exists-stepshare
613,6273,29,128,1,grounder_dcrm_qurm_pathways-02,28,7,599,forall-prop
21,276,16,13,1,grounder_dcrm_qurm_tsp-3,3,3,28,exists-lazy
546,6176,43,32,1,grounder_dcrm_qurm_pathways-01,12,5,63,forall-decide
26228,3082316,6895,0,1,grounder_dcrm_qurm_grounded-truck-1,13,11,6870,forall
892488,80252393,411761,2661,1,grounder_dcrm_qurm_grounded-strips-os-sequencedstrips-small-6,24,15,5702,exists-stepshare
2239630,209870114,992873,0,1,grounder_dcrm_qurm_grounded-strips-os-sequencedstrips-small-4,24,17,3140,exists
6,138,6,0,1,grounder_dcrm_qurm_tsp-3,3,3,24,exists
127,964,17,7,1,grounder_dcrm_qurm_network1new_all_6_2_instance,5,3,7,exists-stepshare
1,2,0,0,1,grounder_dcrm_qurm_tsp-1,1,1,0,exists-stepshare
4208,106298,655,47,48,grounder_dcrm_qurm_ztravel-1-2,10,8,224,forall-final
5618,70348,152,76,1,grounder_dcrm_qurm_mprime-x-2,23,4,218,exists-lazy
16394,892900,2391,849,1,grounder_dcrm_qurm_prob1,52,10,1659,forall-decide
8062,481343,680,352,1,grounder_dcrm_qurm_mprime-x-2,28,5,638,forall-decide
34404,5773141,27125,0,1,grounder_dcrm_qurm_power1,22,15,0,exists-decide
2056,8670,70,17,18,grounder_dcrm_qurm_mprime-x-1,11,5,186,exists-final
503,26999,164,19,1,grounder_dcrm_qurm_roverprob3726,17,8,112,exists-stepshare
52,1106,22,12,1,grounder_dcrm_qurm_name,4,4,17,exists-decide
12,593,9,1,1,grounder_dcrm_qurm_printjob,8,8,1,exists-stepshare
2,32,2,0,1,grounder_dcrm_qurm_instance_2_1,1,1,0,forall-lazy
12,593,9,1,1,grounder_dcrm_qurm_printjob,8,8,1,exists-code
18,208,10,7,1,grounder_dcrm_qurm_tsp-3,3,3,7,exists-decide
3,5,0,0,1,grounder_dcrm_qurm_briefcase-o1,1,1,0,exists-code
908426,49134559,101127,4982,4983,grounder_dcrm_qurm_truck-2,17,14,141243,exists-final
65179,4587427,13090,430,431,grounder_dcrm_qurm_grounded-truck-1,13,11,8345,exists-final
73117,5733885,14368,1510,1,grounder_dcrm_qurm_truck-2,17,10,3026,exists-stepshare
32,3228,27,0,1,grounder_dcrm_qurm_grounded-strips-psr-s7-n1-l3-f70,13,7,0,exists-stepshare
26,1251,14,6,1,grounder_dcrm_qurm_pegsolitaire-sequential-002,5,5,6,exists-code
46654,4695843,4640,0,1,grounder_dcrm_qurm_original,10,6,718624,forall
256639,2779669,3888,1203,1204,grounder_dcrm_qurm_strips-log-x-1,42,9,45268,forall-final
453,7684,36,15,1,grounder_dcrm_qurm_pathways-02,25,7,32,forall-lazy
666,7146,48,36,1,grounder_dcrm_qurm_pathways-01,12,5,71,forall-decide
39754,4689614,11152,1766,1,grounder_dcrm_qurm_truck-2,18,10,2678,exists-decide
926817,86380578,427999,5044,1,grounder_dcrm_qurm_grounded-strips-os-sequencedstrips-small-4,24,15,12228,exists-lazy
82853,14189671,58379,0,1,grounder_dcrm_qurm_power1,24,16,0,exists-code
2,32,2,0,1,grounder_dcrm_qurm_instance_2_1,1,1,0,forall-final
350,11007,71,29,1,grounder_dcrm_qurm_printjob,22,11,59,forall-decide
6475,728764,2839,45,1,grounder_dcrm_qurm_pfile03,7,7,954,exists-stepshare
9177,270707,806,2517,1,grounder_dcrm_qurm_prob1,38,10,30321,forall-prop
317,4655,62,148,1,grounder_dcrm_qurm_ztravel-1-3,7,6,976,forall-prop
250,7111,46,254,1,grounder_dcrm_qurm_ztravel-2-4,10,4,1170,exists-prop
72,3594,22,0,1,grounder_dcrm_qurm_grounded-strips-psr-s5-n1-l3-f30,16,7,0,exists-stepshare
1,2,0,0,1,grounder_dcrm_qurm_tsp-1,1,1,0,exists-prop
442,15049,164,42,1,grounder_dcrm_qurm_name,10,10,138,forall-decide
135,814,19,2,1,grounder_dcrm_qurm_ztravel-1-3,6,4,9,exists-stepshare
24,3755,16,0,1,grounder_dcrm_qurm_problem_x,17,9,1418,exists
10173,2476620,7099,222,1,grounder_dcrm_qurm_strips-sat-x-1,11,10,1680,forall-decide
441,15355,165,57,1,grounder_dcrm_qurm_name,10,10,184,exists-lazy
7602,217177,384,227,1,grounder_dcrm_qurm_mprime-x-2,26,5,544,forall-lazy
16507,2334167,8471,0,1,grounder_dcrm_qurm_pfile01,9,9,0,exists-final
3,45,2,0,1,grounder_dcrm_qurm_instance_2_2,2,1,0,exists-stepshare
1767,123597,1160,222,1,grounder_dcrm_qurm_strips-gripper-x-2,17,6,393,exists-decide
34967,670310,1350,524,1,grounder_dcrm_qurm_prob1,37,10,1140,forall-lazy
75220,15097586,60677,2,1,grounder_dcrm_qurm_power1,24,16,3,exists-decide
1766,63377,634,0,1,grounder_dcrm_qurm_strips-gripper-x-1,11,7,317,forall
2342,262505,343,0,1,grounder_dcrm_qurm_mprime-x-2,23,5,167365,forall
2348,198715,716,61,1,grounder_dcrm_qurm_grounded-truck-1,14,7,84,exists-stepshare
2,33,1,0,1,grounder_dcrm_qurm_instance_2_2,2,1,0,forall-decide
77,4737,61,2,1,grounder_dcrm_qurm_grounded-strips-psr-s2-n1-l2-f50,9,8,2,forall-code
1106,32291,236,42,43,grounder_dcrm_qurm_name,10,10,312,forall-final
7192,105250,378,115,1,grounder_dcrm_qurm_pathways-01,35,9,121,exists-code
2,32,2,0,1,grounder_dcrm_qurm_instance_2_3,1,1,1,forall-prop
1,2,0,0,1,grounder_dcrm_qurm_tsp-1,1,1,0,exists
703,59322,319,0,1,grounder_dcrm_qurm_roverprob4213,9,7,3011,forall
18963,3682632,7338,20,1,grounder_dcrm_qurm_strips-sat-x-1,17,9,1562,exists-lazy
822,113563,438,32,1,grounder_dcrm_qurm_roverprob1234,10,9,296,exists-lazy
30652,669912,1263,412,1,grounder_dcrm_qurm_prob1,70,12,1522,exists-stepshare
7311,476786,961,153,1,grounder_dcrm_qurm_strips-sat-x-1,15,7,427,forall-code
61,1096,25,14,1,grounder_dcrm_qurm_name,4,4,42,exists-lazy
19167,2941500,10065,40,1,grounder_dcrm_qurm_pfile01,9,9,1069,exists-stepshare
32615,3679320,24780,761,1,grounder_dcrm_qurm_strips-gripper-x-3,24,8,1241,exists-decide
30,65,1,0,1,grounder_dcrm_qurm_strips-movie-x-2,7,2,0,exists-decide
25,60,1,0,1,grounder_dcrm_qurm_strips-movie-x-1,7,2,0,forall-lazy
3208,245330,314,0,1,grounder_dcrm_qurm_original,11,5,707880,exists
70,1211,17,8,9,grounder_dcrm_qurm_name,4,4,32,forall-final
1147,72997,279,0,1,grounder_dcrm_qurm_strips-sat-x-1,11,7,57,exists-stepshare
19,1432,18,0,1,grounder_dcrm_qurm_grounded-strips-psr-s2-n1-l2-f50,9,7,0,exists-decide
1406,126309,462,17,18,grounder_dcrm_qurm_roverprob1234,11,9,104,exists-final
1,2,0,0,1,grounder_dcrm_qurm_tsp-1,1,1,0,exists-code
891422,50528600,97645,4536,4537,grounder_dcrm_qurm_truck-2,17,14,128949,forall-final
162057,18609698,36321,2132,1,grounder_dcrm_qurm_grounded-truck-2,17,14,3726,forall-lazy
289249,3036362,5128,1469,1470,grounder_dcrm_qurm_strips-log-x-1,42,9,35264,exists-final
3376,11931,60,25,1,grounder_dcrm_qurm_mprime-x-3,20,3,60,exists-lazy
77,6392,54,6,7,grounder_dcrm_qurm_grounded-strips-psr-s7-n1-l3-f70,12,8,14,exists-final
36,1590,16,3,1,grounder_dcrm_qurm_printjob,15,9,3,exists-decide
3040,21410,120,335,1,grounder_dcrm_qurm_strips-log-x-1,59,6,5442,exists-prop
2882,43503,140,57,1,grounder_dcrm_qurm_prob1,26,5,76,exists-code
30,65,1,0,1,grounder_dcrm_qurm_strips-movie-x-2,7,2,0,exists-stepshare
25,60,1,0,1,grounder_dcrm_qurm_strips-movie-x-1,7,2,0,exists-lazy
18006,837912,2418,99,1,grounder_dcrm_qurm_pegsolitaire-sequential-011,9,9,194,exists-stepshare
8,8,0,0,1,grounder_dcrm_qurm_briefcase-o2,1,1,0,exists-code
141,833,17,0,1,grounder_dcrm_qurm_ztravel-1-3,6,4,0,exists-final
320,22088,121,472,1,grounder_dcrm_qurm_roverprob3726,18,8,4522,exists-prop
135,814,19,2,1,grounder_dcrm_qurm_ztravel-1-3,6,4,10,exists-lazy
6,137,6,0,1,grounder_dcrm_qurm_tsp-3,3,3,24,forall
27,1910,14,2,1,grounder_dcrm_qurm_printjob,15,9,4,forall-decide
34,220,7,7,1,grounder_dcrm_qurm_briefcase-o3,2,2,3,exists-stepshare
7293,496462,1754,485,1,grounder_dcrm_qurm_truck-1,15,8,756,exists-decide
7,611,7,0,1,grounder_dcrm_qurm_name,4,4,36,forall
56273,6084872,10530,0,1,grounder_dcrm_qurm_truck-3,21,9,37689,exists
1147,72997,279,0,1,grounder_dcrm_qurm_strips-sat-x-1,11,7,57,exists-stepshare
3,45,2,0,1,grounder_dcrm_qurm_instance_2_2,2,1,0,exists-final
135,814,19,2,1,grounder_dcrm_qurm_ztravel-1-3,6,4,9,exists-stepshare
13114,854076,2552,0,1,grounder_dcrm_qurm_truck-2,18,8,14811,exists
171,4443,26,5,1,grounder_dcrm_qurm_pathways-01,9,5,10,forall-lazy
1164,99732,388,0,1,grounder_dcrm_qurm_strips-sat-x-1,12,7,885,exists
64584,4617042,11906,0,1,grounder_dcrm_qurm_truck-1,13,11,15177,forall
6,454,7,0,1,grounder_dcrm_qurm_printjob,8,8,79,exists
7097,833567,3118,47,1,grounder_dcrm_qurm_pfile02,7,7,816,forall-code
94,5736,69,0,1,grounder_dcrm_qurm_grounded-strips-psr-s2-n1-l2-f50,8,8,56,forall
1315,71994,604,0,1,grounder_dcrm_qurm_ztravel-1-2,10,8,576,forall
4124,96839,969,196,197,grounder_dcrm_qurm_strips-gripper-x-1,11,7,1901,forall-final
178,14528,91,8,1,grounder_dcrm_qurm_grounded-strips-psr-s5-n1-l3-f30,15,8,11,forall-lazy
105,2047,38,25,1,grounder_dcrm_qurm_strips-gripper-x-1,12,4,17,exists-stepshare
1114983,108411828,547650,4676,1,grounder_dcrm_qurm_grounded-strips-os-sequencedstrips-small-6,24,15,5301,exists-code
1587,13678,55,0,1,grounder_dcrm_qurm_mprime-x-3,20,4,72175,forall
35,70,1,0,1,grounder_dcrm_qurm_strips-movie-x-3,7,2,0,forall-final
105,2047,38,25,1,grounder_dcrm_qurm_strips-gripper-x-1,12,4,43,exists-code
52,4760,34,0,1,grounder_dcrm_qurm_grounded-strips-psr-s5-n1-l3-f30,16,7,126,exists
4625,251622,1013,263,1,grounder_dcrm_qurm_truck-1,13,7,542,exists-stepshare
18,255,14,12,1,grounder_dcrm_qurm_tsp-3,3,3,9,exists-stepshare
281,2739,28,17,1,grounder_dcrm_qurm_dlog-2-2-4,15,5,35,exists-stepshare
99183,13219913,24185,16729,1,grounder_dcrm_qurm_grounded-truck-2,17,14,57011,forall-prop
2,32,2,0,1,grounder_dcrm_qurm_instance_2_1,1,1,0,exists-code
88784,13147054,52825,21,22,grounder_dcrm_qurm_power1,16,16,96,forall-final
3,25,2,2,1,grounder_dcrm_qurm_tsp-2,2,2,1,exists-stepshare
25,1225,13,4,1,grounder_dcrm_qurm_pegsolitaire-sequential-002,5,5,5,exists-stepshare
408,4664,29,99,1,grounder_dcrm_qurm_pathways-02,29,7,398,exists-prop
1804,234361,831,125,1,grounder_dcrm_qurm_grounded-truck-1,15,8,190,exists-decide
9313,740991,4011,0,1,grounder_dcrm_qurm_pfile03,7,7,2145,exists
21186,2680394,10017,51,1,grounder_dcrm_qurm_pfile01,9,9,637,exists-code
25,60,1,0,1,grounder_dcrm_qurm_strips-movie-x-1,7,2,0,forall-code
2578,97739,373,31,32,grounder_dcrm_qurm_roverprob3726,16,8,97,exists-final
67063,12697129,15797,480,1,grounder_dcrm_qurm_grounded-truck-3,23,10,997,exists-stepshare
1406,126309,462,17,18,grounder_dcrm_qurm_roverprob1234,11,9,110,forall-final
54150,9643243,41215,313,1,grounder_dcrm_qurm_power1,16,16,580,forall-decide
114,2816,19,0,1,grounder_dcrm_qurm_pathways-01,7,5,953,forall
35,70,1,0,1,grounder_dcrm_qurm_strips-movie-x-3,7,2,1,exists-prop
19,3004,18,0,1,grounder_dcrm_qurm_grounded-strips-psr-s5-n1-l3-f30,16,7,0,exists-decide
2660,69118,392,0,1,grounder_dcrm_qurm_network1new_all_8_3_instance,11,6,5744,forall
501,2483,43,17,1,grounder_dcrm_qurm_mprime-x-1,13,4,22,exists-code
426,13838,134,40,1,grounder_dcrm_qurm_name,10,10,131,exists-stepshare
82853,14189671,58379,0,1,grounder_dcrm_qurm_power1,24,16,0,exists-stepshare
25,60,1,0,1,grounder_dcrm_qurm_strips-movie-x-1,7,2,0,exists-code
379,18198,78,39,1,grounder_dcrm_qurm_pathways-03,20,8,88,exists-lazy
1237,30161,299,155,1,grounder_dcrm_qurm_dlog-2-2-4,19,7,256,forall-code
5430,280798,798,781,1,grounder_dcrm_qurm_pegsolitaire-sequential-014,9,9,7586,exists-prop
368,21810,174,224,1,grounder_dcrm_qurm_name,10,10,453,exists-prop
12,675,10,36,1,grounder_dcrm_qurm_name,4,4,93,forall-prop
4303,25432,112,43,1,grounder_dcrm_qurm_mprime-x-3,20,4,160,forall-lazy
3488,15746,57,25,1,grounder_dcrm_qurm_mprime-x-3,23,3,28,exists-stepshare
406749,58957321,294198,4850,1,grounder_dcrm_qurm_grounded-strips-os-sequencedstrips-small-6,24,15,5975,exists-decide
64,795,12,29,1,grounder_dcrm_qurm_network1new_all_6_2_instance,5,3,278,forall-prop
503,26999,164,19,1,grounder_dcrm_qurm_roverprob3726,17,8,112,exists-stepshare
105,2047,38,25,1,grounder_dcrm_qurm_strips-gripper-x-1,12,4,17,exists-stepshare
345,3655,69,28,1,grounder_dcrm_qurm_dlog-2-2-4,20,5,58,exists-lazy
239785,9781215,26510,2225,2226,grounder_dcrm_qurm_truck-1,14,11,39331,exists-final
104666,8478129,54653,0,1,grounder_dcrm_qurm_strips-gripper-x-2,17,11,617,forall
32,222,6,14,1,grounder_dcrm_qurm_briefcase-o3,2,2,120,forall-prop
822,113563,438,32,1,grounder_dcrm_qurm_roverprob1234,10,9,119,exists-code
362,2892,46,27,1,grounder_dcrm_qurm_dlog-2-2-4,16,5,31,exists-decide
32524,3976985,9226,495,1,grounder_dcrm_qurm_grounded-truck-2,18,10,646,exists-code
127,964,17,7,1,grounder_dcrm_qurm_network1new_all_6_2_instance,5,3,16,exists-lazy
1,2,0,0,1,grounder_dcrm_qurm_tsp-1,1,1,0,forall
138,3408,42,192,1,grounder_dcrm_qurm_ztravel-1-2,12,6,714,exists-prop
70,5132,46,5,1,grounder_dcrm_qurm_grounded-strips-psr-s7-n1-l3-f70,13,8,5,forall-decide
4320,76583,563,905,1,grounder_dcrm_qurm_network1new_all_8_3_instance,9,6,8541,exists-prop
17022,267623,668,239,1,grounder_dcrm_qurm_prob1,40,9,784,exists-stepshare
3,5,0,0,1,grounder_dcrm_qurm_briefcase-o1,1,1,0,exists-decide
105165,9455416,58253,1286,1,grounder_dcrm_qurm_strips-gripper-x-2,17,11,2121,forall-code
224,10663,70,7,8,grounder_dcrm_qurm_grounded-strips-psr-s5-n1-l3-f30,14,8,23,forall-final
32876,1687370,4476,212,1,grounder_dcrm_qurm_pegsolitaire-sequential-011,9,9,428,forall-code
82853,14189671,58379,0,1,grounder_dcrm_qurm_power1,24,16,0,exists-stepshare
2205,10783,69,21,22,grounder_dcrm_qurm_mprime-x-1,13,5,299,forall-final
379,18198,78,39,1,grounder_dcrm_qurm_pathways-03,20,8,100,forall-lazy
6251,45703,253,156,1,grounder_dcrm_qurm_strips-log-x-1,46,6,190,exists-code
2487,220744,769,105,1,grounder_dcrm_qurm_grounded-truck-1,14,7,147,exists-code
12517,269385,764,2913,1,grounder_dcrm_qurm_prob1,64,12,29451,exists-prop
26,1252,14,6,1,grounder_dcrm_qurm_pegsolitaire-sequential-002,5,5,12,forall-lazy
40136,3906942,23851,0,1,grounder_dcrm_qurm_strips-gripper-x-3,24,8,821,exists
85699,4103608,9269,2345,1,grounder_dcrm_qurm_prob1,60,14,4719,forall-lazy
1255,20786,86,573,1,grounder_dcrm_qurm_prob1,25,5,5872,exists-prop
453,7684,36,15,1,grounder_dcrm_qurm_pathways-02,25,7,30,forall-code
244,17067,66,267,1,grounder_dcrm_qurm_pathways-03,18,8,1191,forall-prop
8089,159290,520,167,1,grounder_dcrm_qurm_pathways-01,28,9,187,exists-decide
441,15355,165,57,1,grounder_dcrm_qurm_name,10,10,170,forall-code
35,70,1,0,1,grounder_dcrm_qurm_strips-movie-x-3,7,2,0,exists-decide
100,4461,33,40,1,grounder_dcrm_qurm_dlog-2-2-4,16,5,552,exists-prop
131,11343,36,0,1,grounder_dcrm_qurm_pathways-03,19,8,1413,forall
76710,1113291,832,302,303,grounder_dcrm_qurm_mprime-x-2,18,5,11218,forall-final
2,733,9,1,1,grounder_dcrm_qurm_problem_x,8,8,2,exists-lazy
6577,270379,1373,0,1,grounder_dcrm_qurm_strips-log-x-1,51,9,20994,forall
23219,325205,480,156,157,grounder_dcrm_qurm_prob1,20,6,1729,exists-final
8023,925373,3523,65,1,grounder_dcrm_qurm_pfile03,7,7,1432,forall-lazy
3653,147901,1215,639,1,grounder_dcrm_qurm_network1new_all_6_4_instance,12,6,5113,exists-prop
3,5,0,0,1,grounder_dcrm_qurm_briefcase-o1,1,1,0,forall-code
35,70,1,0,1,grounder_dcrm_qurm_strips-movie-x-3,7,2,0,exists-code
35,70,1,0,1,grounder_dcrm_qurm_strips-movie-x-3,7,2,0,forall-lazy
1,681,8,1,1,grounder_dcrm_qurm_problem_x,8,8,77,exists-prop
31048,3038886,7472,305,1,grounder_dcrm_qurm_grounded-truck-2,18,10,614,exists-stepshare
25945,3503501,11164,760,1,grounder_dcrm_qurm_strips-sat-x-1,11,10,9342,forall-prop
2,733,9,1,1,grounder_dcrm_qurm_problem_x,8,8,5,exists-stepshare
51892,815630,1401,1198,1,grounder_dcrm_qurm_original,12,5,2444,exists-stepshare
15297,1338754,4145,312,313,grounder_dcrm_qurm_name,23,23,3418,exists-final
3,25,2,2,1,grounder_dcrm_qurm_tsp-2,2,2,1,exists-stepshare
601476,84985560,434753,5511,1,grounder_dcrm_qurm_grounded-strips-os-sequencedstrips-small-4,24,15,6913,exists-decide
34654,2805187,7430,655,1,grounder_dcrm_qurm_grounded-truck-1,13,11,1351,forall-lazy
25,60,1,0,1,grounder_dcrm_qurm_strips-movie-x-1,7,2,1,forall
3488,15746,57,25,1,grounder_dcrm_qurm_mprime-x-3,23,3,28,exists-stepshare
17131,1285820,7097,0,1,grounder_dcrm_qurm_strips-sat-x-1,11,10,1002,forall
15010,623643,1967,52,1,grounder_dcrm_qurm_pegsolitaire-sequential-014,9,9,110,forall-lazy
51170,2536580,7668,50,51,grounder_dcrm_qurm_pegsolitaire-sequential-011,9,9,344,forall-final
127193,4609506,11268,1362,1363,grounder_dcrm_qurm_truck-1,13,11,27306,forall-final
26,2994,20,20,1,grounder_dcrm_qurm_problem_x,9,9,410,forall-prop
85699,4103608,9269,2345,1,grounder_dcrm_qurm_prob1,60,14,4232,forall-code
35,70,1,0,1,grounder_dcrm_qurm_strips-movie-x-3,7,2,0,forall-code
1413,77744,630,166,1,grounder_dcrm_qurm_ztravel-1-2,10,8,416,forall-decide
1114,163710,571,0,1,grounder_dcrm_qurm_strips-sat-x-1,13,7,94,exists-decide
2845,117357,1030,250,1,grounder_dcrm_qurm_network1new_all_6_4_instance,12,6,582,forall-lazy
884195,73098415,385305,4632,1,grounder_dcrm_qurm_grounded-strips-os-sequencedstrips-small-6,25,15,11204,exists-lazy
3962,21744,74,28,29,grounder_dcrm_qurm_pathways-02,16,7,708,forall-final
3203,36045,140,45,1,grounder_dcrm_qurm_prob1,27,5,64,exists-decide
17225,1096590,3390,675,1,grounder_dcrm_qurm_truck-2,17,8,1597,exists-lazy
662558,98243796,485716,6086,1,grounder_dcrm_qurm_grounded-strips-os-sequencedstrips-small-5,25,15,7629,exists-decide
44773,7091893,9330,3716,1,grounder_dcrm_qurm_grounded-truck-3,22,10,27245,exists-prop
97,4352,56,0,1,grounder_dcrm_qurm_strips-gripper-x-1,12,4,221,exists
6629,1126571,2996,1071,1,grounder_dcrm_qurm_name,23,23,2669,forall-prop
569,44387,269,0,1,grounder_dcrm_qurm_name,10,10,55,forall
75759,4716970,12446,1773,1,grounder_dcrm_qurm_truck-1,13,11,2647,forall-code
127,964,17,7,1,grounder_dcrm_qurm_network1new_all_6_2_instance,5,3,20,forall-lazy
3729,48305,140,66,1,grounder_dcrm_qurm_prob1,26,5,165,exists-stepshare
793,81983,449,623,1,grounder_dcrm_qurm_roverprob4213,9,7,7098,forall-prop
28179,519251,827,713,1,grounder_dcrm_qurm_original,10,5,1552,exists-lazy
127,964,17,7,1,grounder_dcrm_qurm_network1new_all_6_2_instance,5,3,18,forall-code
72,3594,22,0,1,grounder_dcrm_qurm_grounded-strips-psr-s5-n1-l3-f30,16,7,0,exists-lazy
4,10,0,2,1,grounder_dcrm_qurm_briefcase-o2,1,1,6,exists-prop
1,2,0,0,1,grounder_dcrm_qurm_tsp-1,1,1,0,forall-code
2,23,1,0,1,grounder_dcrm_qurm_instance_2_1,1,1,0,exists-decide
67,4805,21,3,4,grounder_dcrm_qurm_problem_x,9,9,10,exists-final
3,45,2,0,1,grounder_dcrm_qurm_instance_2_2,2,1,2,forall
7053,718102,2691,297,1,grounder_dcrm_qurm_name,23,23,1010,exists-lazy
3369,535025,1522,155,1,grounder_dcrm_qurm_pegsolitaire-sequential-011,9,9,155,exists-decide
7097,833567,3118,47,1,grounder_dcrm_qurm_pfile02,7,7,408,exists-code
25,1225,13,4,1,grounder_dcrm_qurm_pegsolitaire-sequential-002,5,5,5,exists-stepshare
1482,57374,611,184,1,grounder_dcrm_qurm_strips-gripper-x-1,11,7,1451,forall-prop
13057,2355896,8775,45,1,grounder_dcrm_qurm_pfile01,9,9,1046,forall-decide
9763,266917,679,214,1,grounder_dcrm_qurm_prob1,45,9,275,exists-decide
8023,925373,3523,65,1,grounder_dcrm_qurm_pfile03,7,7,1126,forall-code
25,60,1,0,1,grounder_dcrm_qurm_strips-movie-x-1,7,2,0,forall-final
68752,984504,741,312,313,grounder_dcrm_qurm_mprime-x-2,22,5,12055,exists-final
2,32,2,0,1,grounder_dcrm_qurm_instance_2_3,1,1,0,exists-lazy
7665,1315407,3675,0,1,grounder_dcrm_qurm_name,23,23,105,forall
7982,924814,3522,65,1,grounder_dcrm_qurm_pfile03,7,7,562,exists-code
90151,16723838,64961,27,1,grounder_dcrm_qurm_power1,24,16,23731,exists-prop
281,2739,28,17,1,grounder_dcrm_qurm_dlog-2-2-4,15,5,35,exists-stepshare
38,2472,33,0,1,grounder_dcrm_qurm_grounded-strips-psr-s2-n1-l2-f50,9,7,0,exists-stepshare
1324,7453,37,14,15,grounder_dcrm_qurm_pathways-01,8,5,160,forall-final
15010,623643,1967,52,1,grounder_dcrm_qurm_pegsolitaire-sequential-014,9,9,110,exists-lazy
3509,219147,1348,0,1,grounder_dcrm_qurm_pfile02,7,7,1540,exists
64644,3264468,9523,61,62,grounder_dcrm_qurm_pegsolitaire-sequential-011,9,9,376,exists-final
35,70,1,0,1,grounder_dcrm_qurm_strips-movie-x-3,7,2,0,exists-stepshare
4433,115123,736,56,57,grounder_dcrm_qurm_ztravel-1-2,9,8,246,exists-final
30904,670458,1254,367,1,grounder_dcrm_qurm_prob1,61,12,505,exists-code
105,6627,45,116,1,grounder_dcrm_qurm_printjob,22,11,589,forall-prop
12,593,9,1,1,grounder_dcrm_qurm_printjob,8,8,1,exists-decide
6017,258238,870,0,1,grounder_dcrm_qurm_prob1,44,10,28275,forall
337,4152,44,0,1,grounder_dcrm_qurm_ztravel-2-4,9,4,1720,exists
21,276,16,13,1,grounder_dcrm_qurm_tsp-3,3,3,30,forall-lazy
52,1102,22,12,1,grounder_dcrm_qurm_name,4,4,34,forall-decide
1327,39550,193,507,1,grounder_dcrm_qurm_pathways-01,41,9,794,exists-prop
82664,12463117,50014,26,27,grounder_dcrm_qurm_power1,16,16,99,exists-final
1631951,472743352,761737,2325,1,grounder_dcrm_qurm_strips-sat-x-1,17,15,26328,forall-code
950,98458,435,0,1,grounder_dcrm_qurm_roverprob1234,11,9,2934,forall
461,16215,86,40,1,grounder_dcrm_qurm_pathways-03,19,8,84,exists-lazy
32,195,6,13,1,grounder_dcrm_qurm_briefcase-o3,2,2,69,exists-prop
34,218,7,7,1,grounder_dcrm_qurm_briefcase-o3,2,2,14,forall-code
10193,49145,107,42,43,grounder_dcrm_qurm_mprime-x-3,19,4,1177,exists-final
3901,83905,920,186,187,grounder_dcrm_qurm_strips-gripper-x-1,11,7,1596,exists-final
18,282,7,0,1,grounder_dcrm_qurm_briefcase-o3,2,2,180,forall
13249,92654,197,74,75,grounder_dcrm_qurm_pathways-03,25,8,5124,forall-final
8854,67101,275,164,1,grounder_dcrm_qurm_strips-log-x-1,53,6,218,exists-decide
7,944,8,11,1,grounder_dcrm_qurm_printjob,15,9,165,forall-prop
5600,47121,305,198,1,grounder_dcrm_qurm_strips-log-x-1,52,6,492,exists-lazy
282,3378,23,151,1,grounder_dcrm_qurm_pathways-01,8,5,722,exists-prop
15010,623643,1967,52,1,grounder_dcrm_qurm_pegsolitaire-sequential-014,9,9,104,forall-code
8360,354117,942,0,1,grounder_dcrm_qurm_pegsolitaire-sequential-014,9,9,7608,exists
93035,1691188,1332,301,302,grounder_dcrm_qurm_prob1,35,10,10071,forall-final
1476025,144709373,717273,2933,1,grounder_dcrm_qurm_grounded-strips-os-sequencedstrips-small-5,25,15,6650,exists-stepshare
40,2589,15,3,1,grounder_dcrm_qurm_problem_x,9,9,3,exists-decide
4990,487523,2017,37,1,grounder_dcrm_qurm_pfile02,7,7,812,exists-stepshare
38,2472,33,0,1,grounder_dcrm_qurm_grounded-strips-psr-s2-n1-l2-f50,9,7,0,exists-code
2,32,2,0,1,grounder_dcrm_qurm_instance_2_1,1,1,0,exists-lazy
610,53130,281,0,1,grounder_dcrm_qurm_roverprob4213,9,7,3011,exists
3046,429391,1072,0,1,grounder_dcrm_qurm_grounded-truck-2,18,8,4776,exists
12,593,9,1,1,grounder_dcrm_qurm_printjob,8,8,4,forall-lazy
30,55,1,0,1,grounder_dcrm_qurm_strips-movie-x-1,27,2,0,forall-decide
105165,9455416,58253,1286,1,grounder_dcrm_qurm_strips-gripper-x-2,17,11,2794,forall-lazy
163,416,10,8,9,grounder_dcrm_qurm_briefcase-o3,2,2,36,exists-final
5778,70784,120,72,1,grounder_dcrm_qurm_mprime-x-2,21,4,124,exists-stepshare
2258,73672,573,0,1,grounder_dcrm_qurm_network1new_all_6_4_instance,12,6,2366,forall
30,65,1,0,1,grounder_dcrm_qurm_strips-movie-x-2,7,2,1,exists-prop
110,1978,13,62,1,grounder_dcrm_qurm_pathways-01,7,5,433,exists-prop
237,1553,29,177,1,grounder_dcrm_qurm_mprime-x-1,13,4,817,exists-prop
3826,46857,97,56,1,grounder_dcrm_qurm_mprime-x-2,26,4,73,exists-code
426,13838,134,40,1,grounder_dcrm_qurm_name,10,10,131,exists-stepshare
256176,9836198,9458,7529,1,grounder_dcrm_qurm_original,10,6,17685,forall-decide
10252,120903,469,172,173,grounder_dcrm_qurm_network1new_all_8_3_instance,11,6,3248,exists-final
3,25,2,2,1,grounder_dcrm_qurm_tsp-2,2,2,4,forall-lazy
2,10,0,4,1,grounder_dcrm_qurm_briefcase-o2,1,1,10,forall-prop
820,106223,406,22,1,grounder_dcrm_qurm_roverprob1234,11,9,238,exists-stepshare
49509,4730534,29500,780,1,grounder_dcrm_qurm_strips-gripper-x-3,24,8,2052,exists-lazy
30,65,1,0,1,grounder_dcrm_qurm_strips-movie-x-2,7,2,0,exists-stepshare
36,1590,16,3,1,grounder_dcrm_qurm_printjob,15,9,6,exists-stepshare
1303,7002,33,13,14,grounder_dcrm_qurm_pathways-01,8,5,153,exists-final
16175,2222622,8151,1107,1,grounder_dcrm_qurm_pfile01,9,9,8097,exists-prop
33685,2482345,6301,6116,1,grounder_dcrm_qurm_truck-2,18,9,39921,exists-prop
30,217,5,5,1,grounder_dcrm_qurm_briefcase-o3,2,2,9,forall-decide
23,168,3,3,1,grounder_dcrm_qurm_briefcase-o3,2,2,3,exists-decide
2852,425853,1285,66,1,grounder_dcrm_qurm_pegsolitaire-sequential-014,9,9,136,forall-decide
3319,14941,54,22,1,grounder_dcrm_qurm_mprime-x-3,24,3,30,exists-code
2181,110407,1106,195,1,grounder_dcrm_qurm_strips-gripper-x-2,18,6,227,exists-stepshare
25,60,1,0,1,grounder_dcrm_qurm_strips-movie-x-1,7,2,1,exists
62658,8191679,36482,389,1,grounder_dcrm_qurm_power1,16,16,816,forall-code
2,32,2,0,1,grounder_dcrm_qurm_instance_2_1,1,1,2,exists
504,6233,53,4,1,grounder_dcrm_qurm_ztravel-2-4,12,4,42,exists-lazy
9489,135440,505,147,1,grounder_dcrm_qurm_pathways-01,20,9,345,forall-lazy
17099,833528,2558,58,1,grounder_dcrm_qurm_pegsolitaire-sequential-014,9,9,87,exists-stepshare
2,14,0,0,1,grounder_dcrm_qurm_briefcase-o2,1,1,66,forall
7433,66635,281,172,1,grounder_dcrm_qurm_strips-log-x-1,57,6,476,exists-stepshare
170673,18185519,25929,3164,1,grounder_dcrm_qurm_truck-3,23,10,4912,exists-code
1413,67413,593,159,1,grounder_dcrm_qurm_ztravel-1-2,10,8,380,forall-code
2,733,9,1,2,grounder_dcrm_qurm_problem_x,8,8,3,exists-final
34026,5565534,7875,427,1,grounder_dcrm_qurm_grounded-truck-3,20,9,980,exists-lazy
3,25,2,2,1,grounder_dcrm_qurm_tsp-2,2,2,2,exists-code
20407,916950,2574,112,1,grounder_dcrm_qurm_pegsolitaire-sequential-011,9,9,113,exists-code
2798,174335,1595,238,1,grounder_dcrm_qurm_strips-gripper-x-2,17,6,626,exists-lazy
10046,109893,209,47,48,grounder_dcrm_qurm_pathways-01,32,9,1461,forall-final
17542,3172761,4439,0,1,grounder_dcrm_qurm_grounded-truck-3,21,9,20023,exists
1237,30161,299,155,1,grounder_dcrm_qurm_dlog-2-2-4,19,7,334,forall-lazy
682,53963,257,26,1,grounder_dcrm_qurm_roverprob4213,9,7,162,exists-stepshare
75759,4716970,12446,1773,1,grounder_dcrm_qurm_truck-1,13,11,2979,forall-lazy
862,7479,41,17,1,grounder_dcrm_qurm_pathways-02,21,7,34,forall-code
16225,238969,935,242,243,grounder_dcrm_qurm_network1new_all_8_3_instance,9,6,4482,forall-final
1009,50873,124,3,1,grounder_dcrm_qurm_strips-sat-x-1,18,6,44,exists-decide
862,7479,41,17,1,grounder_dcrm_qurm_pathways-02,21,7,36,exists-lazy
2,733,9,1,1,grounder_dcrm_qurm_problem_x,8,8,5,exists-stepshare
44,3377,42,2,1,grounder_dcrm_qurm_grounded-strips-psr-s2-n1-l2-f50,9,8,2,forall-decide
550,17693,167,45,1,grounder_dcrm_qurm_name,10,10,70,exists-decide
35,70,1,0,1,grounder_dcrm_qurm_strips-movie-x-3,7,2,1,forall-prop
8069,258626,859,0,1,grounder_dcrm_qurm_prob1,62,12,24740,exists
64,1090,25,14,1,grounder_dcrm_qurm_name,4,4,40,forall-lazy
381,18059,77,36,1,grounder_dcrm_qurm_pathways-03,20,8,37,exists-stepshare
88,8317,53,0,1,grounder_dcrm_qurm_grounded-strips-psr-s5-n1-l3-f30,16,8,283,forall
15010,623643,1967,52,1,grounder_dcrm_qurm_pegsolitaire-sequential-014,9,9,52,exists-code
379,18198,78,39,1,grounder_dcrm_qurm_pathways-03,20,8,39,exists-code
2886,67665,179,2,1,grounder_dcrm_qurm_strips-sat-x-1,14,6,173,exists-stepshare
30,1346,17,6,7,grounder_dcrm_qurm_pegsolitaire-sequential-002,5,5,12,exists-final
8038,1296733,3532,0,1,grounder_dcrm_qurm_name,23,23,105,exists
21186,2680394,10017,51,1,grounder_dcrm_qurm_pfile01,9,9,1412,forall-lazy
7600,629338,2484,252,1,grounder_dcrm_qurm_name,23,23,1131,exists-stepshare
3,5,0,0,1,grounder_dcrm_qurm_briefcase-o1,1,1,0,exists-final
262,3297,24,179,1,grounder_dcrm_qurm_pathways-01,8,5,772,forall-prop
66,6236,54,3,1,grounder_dcrm_qurm_grounded-strips-psr-s7-n1-l3-f70,12,8,3,forall-code
585,3107,45,264,1,grounder_dcrm_qurm_mprime-x-1,14,5,1066,forall-prop
36796,5181518,14389,16,17,grounder_dcrm_qurm_strips-sat-x-1,11,10,50,forall-final
1147,72997,279,0,1,grounder_dcrm_qurm_strips-sat-x-1,11,7,65,exists-code
6475,728764,2839,45,1,grounder_dcrm_qurm_pfile03,7,7,954,exists-stepshare
978,43100,192,0,1,grounder_dcrm_qurm_pathways-01,34,9,167,forall
13482,2516449,9119,33,1,grounder_dcrm_qurm_pfile01,9,9,446,exists-decide
2,707,9,0,1,grounder_dcrm_qurm_problem_x,8,8,550,exists
37674,10206540,18069,1688,1,grounder_dcrm_qurm_grounded-truck-2,17,14,2471,forall-decide
30,65,1,0,1,grounder_dcrm_qurm_strips-movie-x-2,7,2,1,forall-prop
150349,12188910,69949,866,867,grounder_dcrm_qurm_strips-gripper-x-2,17,11,14898,forall-final
1470,74656,728,261,1,grounder_dcrm_qurm_network1new_all_6_4_instance,12,6,532,forall-decide
25,60,1,0,1,grounder_dcrm_qurm_strips-movie-x-1,7,2,0,exists-decide
892488,80252393,411761,2661,1,grounder_dcrm_qurm_grounded-strips-os-sequencedstrips-small-6,24,15,5702,exists-stepshare
35,621,14,7,1,grounder_dcrm_qurm_name,4,4,8,exists-stepshare
23,200,11,9,1,grounder_dcrm_qurm_tsp-3,3,3,18,forall-decide
642,30518,153,21,1,grounder_dcrm_qurm_roverprob3726,18,8,110,forall-code
8,8,0,0,1,grounder_dcrm_qurm_briefcase-o2,1,1,0,exists-stepshare
854,10453,67,39,1,grounder_dcrm_qurm_pathways-02,25,7,39,exists-decide
524,8040,77,7,8,grounder_dcrm_qurm_ztravel-1-3,8,6,13,forall-final
862,7479,41,17,1,grounder_dcrm_qurm_pathways-02,21,7,38,forall-lazy
3443,569352,1606,117,1,grounder_dcrm_qurm_pegsolitaire-sequential-011,9,9,236,forall-decide
211293,27352166,37854,19366,1,grounder_dcrm_qurm_truck-3,24,10,121542,exists-prop
19084,825277,2681,6,7,grounder_dcrm_qurm_pegsolitaire-sequential-014,9,9,12,forall-final
521,43843,219,20,1,grounder_dcrm_qurm_roverprob4213,9,7,194,forall-code
75,13050,49,1,1,grounder_dcrm_qurm_problem_x,17,9,8,exists-stepshare
822,113563,438,32,1,grounder_dcrm_qurm_roverprob1234,10,9,312,forall-lazy
3,45,2,0,1,grounder_dcrm_qurm_instance_2_2,2,1,0,exists-lazy
18109,873753,1353,49,50,grounder_dcrm_qurm_strips-sat-x-1,14,7,242,forall-final
38,2472,33,0,1,grounder_dcrm_qurm_grounded-strips-psr-s2-n1-l2-f50,9,7,38,exists-prop
34967,670310,1350,524,1,grounder_dcrm_qurm_prob1,37,10,989,forall-code
1109,33860,89,0,1,grounder_dcrm_qurm_mprime-x-2,27,4,160965,exists
50,3339,26,68,1,grounder_dcrm_qurm_printjob,22,11,457,exists-prop
642,30518,153,21,1,grounder_dcrm_qurm_roverprob3726,18,8,146,exists-lazy
35,70,1,0,1,grounder_dcrm_qurm_strips-movie-x-3,7,2,1,exists
16,1201,12,0,1,grounder_dcrm_qurm_pegsolitaire-sequential-002,5,5,7608,forall
2181,110407,1106,195,1,grounder_dcrm_qurm_strips-gripper-x-2,18,6,227,exists-stepshare
222722,41611106,65682,5576,1,grounder_dcrm_qurm_truck-3,24,11,8702,exists-decide
658,24613,214,113,1,grounder_dcrm_qurm_dlog-2-2-4,23,7,182,forall-decide
2425,89628,767,124,1,grounder_dcrm_qurm_network1new_all_6_4_instance,12,6,225,exists-stepshare
2886,67665,179,2,1,grounder_dcrm_qurm_strips-sat-x-1,14,6,173,exists-stepshare
501,2483,43,17,1,grounder_dcrm_qurm_mprime-x-1,13,4,22,exists-decide
283,16211,53,304,1,grounder_dcrm_qurm_pathways-03,19,8,1083,exists-prop
204812,39207768,146698,490,1,grounder_dcrm_qurm_power1,19,19,33853,forall-prop
15491,763305,2666,586,1,grounder_dcrm_qurm_truck-1,13,8,961,exists-code
39319,4898209,22431,0,1,grounder_dcrm_qurm_power1,22,15,5198,exists
30,65,1,0,1,grounder_dcrm_qurm_strips-movie-x-2,7,2,0,exists-code
216,8469,56,17,1,grounder_dcrm_qurm_printjob,22,11,65,exists-stepshare
246,5311,58,24,1,grounder_dcrm_qurm_ztravel-1-2,9,6,33,exists-code
2867,357685,1435,23,1,grounder_dcrm_qurm_pfile02,7,7,660,forall-decide
6,956,8,0,1,grounder_dcrm_qurm_printjob,15,9,264,forall
2139,103181,157,6656,1,grounder_dcrm_qurm_mprime-x-2,22,5,23493,forall-prop
40,65,1,0,1,grounder_dcrm_qurm_strips-movie-x-3,37,2,0,forall-decide
21076,2878473,10512,1009,1,grounder_dcrm_qurm_pfile01,9,9,8896,forall-prop
2,32,2,0,1,grounder_dcrm_qurm_instance_2_3,1,1,0,exists-stepshare
27418,3062925,13792,0,1,grounder_dcrm_qurm_pfile01,9,9,1035,forall
242,6272,82,0,1,grounder_dcrm_qurm_ztravel-1-3,7,6,576,forall
3546,23706,69,40,41,grounder_dcrm_qurm_pathways-02,16,7,696,exists-final
7,451,7,2,1,grounder_dcrm_qurm_printjob,8,8,55,exists-prop
2805,50639,329,131,1,grounder_dcrm_qurm_network1new_all_8_3_instance,12,6,282,forall-lazy
34698,7631319,10668,704,1,grounder_dcrm_qurm_grounded-truck-3,24,10,966,exists-decide
188,2221,16,3,1,grounder_dcrm_qurm_pathways-01,9,5,6,exists-lazy
1456463,329645031,639804,0,1,grounder_dcrm_qurm_strips-sat-x-1,17,15,3037,forall
79,4775,61,5,1,grounder_dcrm_qurm_grounded-strips-psr-s2-n1-l2-f50,9,8,126,forall-prop
6878,390138,1717,1847,1,grounder_dcrm_qurm_prob1,21,7,24540,forall-prop
6988,173992,1302,155,156,grounder_dcrm_qurm_network1new_all_6_4_instance,12,6,2550,forall-final
77,13052,49,1,2,grounder_dcrm_qurm_problem_x,17,9,2,exists-final
30312,4219211,12424,192,1,grounder_dcrm_qurm_strips-sat-x-1,11,10,2246,forall-code
4756,95525,369,0,1,grounder_dcrm_qurm_prob1,51,9,24742,exists
76145,5663862,13928,15616,1,grounder_dcrm_qurm_truck-1,13,11,70848,forall-prop
270676,28002819,57060,1123,1124,grounder_dcrm_qurm_grounded-truck-2,17,14,34668,forall-final
34,186,11,10,11,grounder_dcrm_qurm_tsp-3,3,3,32,exists-final
64,1090,25,14,1,grounder_dcrm_qurm_name,4,4,19,exists-code
504,6232,53,4,1,grounder_dcrm_qurm_ztravel-2-4,12,4,35,exists-stepshare
3845,23091,72,32,33,grounder_dcrm_qurm_pathways-02,15,7,448,exists-final
2,32,2,0,1,grounder_dcrm_qurm_instance_2_3,1,1,2,exists
7097,833567,3118,47,1,grounder_dcrm_qurm_pfile02,7,7,988,forall-lazy
36651,5180161,14388,15,16,grounder_dcrm_qurm_strips-sat-x-1,12,10,47,exists-final
34,218,7,7,1,grounder_dcrm_qurm_briefcase-o3,2,2,14,forall-lazy
28507,461408,2712,1262,1,grounder_dcrm_qurm_strips-log-x-1,41,9,2201,forall-code
2,32,2,0,1,grounder_dcrm_qurm_instance_2_3,1,1,1,exists-prop
248,3940,47,21,1,grounder_dcrm_qurm_ztravel-1-2,9,6,48,exists-stepshare
266,2204,32,0,1,grounder_dcrm_qurm_mprime-x-1,12,5,1266,forall
34,4171,21,6,1,grounder_dcrm_qurm_problem_x,9,9,11,forall-decide
191842,37673222,137172,488,1,grounder_dcrm_qurm_power1,19,19,1169,forall-code
292,6856,84,16,1,grounder_dcrm_qurm_ztravel-1-3,8,6,47,forall-decide
2584,95584,744,0,1,grounder_dcrm_qurm_network1new_all_6_4_instance,12,6,2366,exists
62658,8191679,36482,389,1,grounder_dcrm_qurm_power1,16,16,1005,forall-lazy
59,1131,17,8,9,grounder_dcrm_qurm_name,4,4,29,exists-final
629,11479,130,21,1,grounder_dcrm_qurm_ztravel-1-3,8,6,87,forall-lazy
7511,123495,505,149,1,grounder_dcrm_qurm_pathways-01,27,9,404,exists-stepshare
874,19651,48,1845,1,grounder_dcrm_qurm_mprime-x-2,24,4,9297,exists-prop
82853,14189671,58379,0,1,grounder_dcrm_qurm_power1,24,16,0,exists-lazy
32,3228,27,0,1,grounder_dcrm_qurm_grounded-strips-psr-s7-n1-l3-f70,13,7,0,exists-stepshare
3562,59286,311,105,106,grounder_dcrm_qurm_dlog-2-2-4,20,7,1105,exists-final
80,2125,14,3,4,grounder_dcrm_qurm_printjob,15,9,20,exists-final
2,32,2,0,1,grounder_dcrm_qurm_instance_2_1,1,1,1,forall-prop
124,814,18,2,1,grounder_dcrm_qurm_ztravel-1-3,6,4,3,exists-decide
36,1590,16,3,1,grounder_dcrm_qurm_printjob,15,9,12,exists-lazy
2373,117489,979,298,1,grounder_dcrm_qurm_network1new_all_6_4_instance,12,6,308,exists-decide
2,32,2,0,1,grounder_dcrm_qurm_instance_2_1,1,1,0,exists-final
21,276,16,13,1,grounder_dcrm_qurm_tsp-3,3,3,26,forall-code
14925,407238,739,86927,1,grounder_dcrm_qurm_original,12,5,276719,exists-prop
75,13050,49,1,1,grounder_dcrm_qurm_problem_x,17,9,8,exists-stepshare
435,28166,144,29,1,grounder_dcrm_qurm_roverprob3726,18,8,102,forall-decide
9489,135440,505,147,1,grounder_dcrm_qurm_pathways-01,20,9,345,forall-code
133,4108,20,0,1,grounder_dcrm_qurm_pathways-02,20,7,594,forall
1611,34508,113,71,1,grounder_dcrm_qurm_pathways-03,47,8,139,forall-decide
7,944,8,11,1,grounder_dcrm_qurm_printjob,15,9,158,exists-prop
2203,25258,91,48,1,grounder_dcrm_qurm_pathways-03,24,8,48,exists-decide
4078,303561,1759,0,1,grounder_dcrm_qurm_pfile02,7,7,1540,forall
1147,72997,279,0,1,grounder_dcrm_qurm_strips-sat-x-1,11,7,142,exists-lazy
1,2,0,0,1,grounder_dcrm_qurm_tsp-1,1,1,0,exists-lazy
744,4202,64,26,1,grounder_dcrm_qurm_mprime-x-1,17,5,54,forall-code
1036709,90951360,463722,2685,1,grounder_dcrm_qurm_grounded-strips-os-sequencedstrips-small-4,25,15,6383,exists-stepshare
28770,3105327,7379,6738,1,grounder_dcrm_qurm_grounded-truck-1,13,11,27821,forall-prop
497,16298,91,38,1,grounder_dcrm_qurm_pathways-03,19,8,54,exists-stepshare
12,593,9,1,1,grounder_dcrm_qurm_printjob,8,8,1,exists-stepshare
102,1309,22,11,1,grounder_dcrm_qurm_network1new_all_6_2_instance,5,3,26,forall-decide
16036,1321302,3870,298,299,grounder_dcrm_qurm_name,23,23,4844,forall-final
3,45,2,0,1,grounder_dcrm_qurm_instance_2_2,2,1,2,forall-prop
1036709,90951360,463722,2685,1,grounder_dcrm_qurm_grounded-strips-os-sequencedstrips-small-4,25,15,6383,exists-stepshare
282,6204,42,14,1,grounder_dcrm_qurm_pathways-03,18,8,14,exists-decide
2209,130412,1157,0,1,grounder_dcrm_qurm_strips-gripper-x-2,18,6,473,exists
32,3228,27,0,1,grounder_dcrm_qurm_grounded-strips-psr-s7-n1-l3-f70,13,7,47,exists-prop
8765,1023225,3909,1304,1,grounder_dcrm_qurm_pfile03,7,7,11992,exists-prop
19084,825277,2681,6,7,grounder_dcrm_qurm_pegsolitaire-sequential-014,9,9,12,exists-final
2,32,2,0,1,grounder_dcrm_qurm_instance_2_1,1,1,0,exists-stepshare
29962,2234382,5603,979,1,grounder_dcrm_qurm_truck-2,17,9,1588,exists-code
16522,2907673,6013,7,1,grounder_dcrm_qurm_strips-sat-x-1,18,9,607,exists-stepshare
31048,3038886,7472,305,1,grounder_dcrm_qurm_grounded-truck-2,18,10,614,exists-stepshare
178,14528,91,8,1,grounder_dcrm_qurm_grounded-strips-psr-s5-n1-l3-f30,15,8,8,forall-code
17095,634811,2777,2950,1,grounder_dcrm_qurm_strips-log-x-1,48,9,22927,forall-prop
8,8,0,0,1,grounder_dcrm_qurm_briefcase-o2,1,1,0,exists-decide
3,5,0,0,1,grounder_dcrm_qurm_briefcase-o1,1,1,0,forall-lazy
521,43843,219,20,1,grounder_dcrm_qurm_roverprob4213,9,7,236,exists-lazy
2319,99470,783,621,1,grounder_dcrm_qurm_network1new_all_6_4_instance,12,6,4482,forall-prop
2886,67665,179,2,1,grounder_dcrm_qurm_strips-sat-x-1,14,6,72,exists-code
25,60,1,0,1,grounder_dcrm_qurm_strips-movie-x-1,7,2,0,exists-stepshare
2,32,2,0,1,grounder_dcrm_qurm_instance_2_3,1,1,0,exists-final
2,32,2,0,1,grounder_dcrm_qurm_instance_2_1,1,1,1,exists-prop
7054,718100,2691,297,1,grounder_dcrm_qurm_name,23,23,862,forall-code
2948,185888,1597,285,1,grounder_dcrm_qurm_strips-gripper-x-2,18,6,2371,exists-prop
75,13050,49,1,1,grounder_dcrm_qurm_problem_x,17,9,1,exists-code
497,16298,91,38,1,grounder_dcrm_qurm_pathways-03,19,8,54,exists-stepshare
30652,669912,1263,412,1,grounder_dcrm_qurm_prob1,70,12,1522,exists-stepshare
2,32,2,0,1,grounder_dcrm_qurm_instance_2_3,1,1,0,forall-lazy
21,276,16,13,1,grounder_dcrm_qurm_tsp-3,3,3,13,exists-code
4709,84848,261,1385,1,grounder_dcrm_qurm_prob1,46,9,14699,exists-prop
3,5,0,0,1,grounder_dcrm_qurm_briefcase-o1,1,1,0,forall-decide
2,23,1,0,1,grounder_dcrm_qurm_instance_2_1,1,1,0,forall-decide
72,3594,22,0,1,grounder_dcrm_qurm_grounded-strips-psr-s5-n1-l3-f30,16,7,0,exists-code
46,3071,19,5,1,grounder_dcrm_qurm_problem_x,9,9,21,exists-stepshare
521,43843,219,20,1,grounder_dcrm_qurm_roverprob4213,9,7,97,exists-code
30,65,1,0,1,grounder_dcrm_qurm_strips-movie-x-2,7,2,0,forall-final
34,218,7,7,1,grounder_dcrm_qurm_briefcase-o3,2,2,7,exists-code
1,7,0,0,1,grounder_dcrm_qurm_briefcase-o1,1,1,14,forall
372069,41975160,88916,1090,1091,grounder_dcrm_qurm_grounded-truck-2,17,14,29302,exists-final
1085,12818,64,40,1,grounder_dcrm_qurm_pathways-02,31,7,77,forall-decide
366568,34803855,64444,41675,1,grounder_dcrm_qurm_truck-2,17,14,175707,forall-prop
3,45,2,0,1,grounder_dcrm_qurm_instance_2_2,2,1,2,exists
861,7480,41,17,1,grounder_dcrm_qurm_pathways-02,21,7,34,exists-stepshare
13705,709924,1904,1056,1,grounder_dcrm_qurm_pegsolitaire-sequential-011,9,9,12055,exists-prop
46786,4562932,27878,625,1,grounder_dcrm_qurm_strips-gripper-x-3,24,8,809,exists-stepshare
8,8,0,0,1,grounder_dcrm_qurm_briefcase-o2,1,1,0,forall-code
822,113563,438,32,1,grounder_dcrm_qurm_roverprob1234,10,9,238,forall-code
585,4892,34,23,1,grounder_dcrm_qurm_pathways-01,8,5,23,exists-decide
6809,713657,2727,302,1,grounder_dcrm_qurm_name,23,23,874,forall-decide
44,2764,21,0,1,grounder_dcrm_qurm_printjob,22,11,463,forall
960,18537,145,31,1,grounder_dcrm_qurm_ztravel-2-4,14,5,113,forall-code
381,18059,77,36,1,grounder_dcrm_qurm_pathways-03,20,8,37,exists-stepshare
7511,123495,505,149,1,grounder_dcrm_qurm_pathways-01,27,9,404,exists-stepshare
6,732,10,1,1,grounder_dcrm_qurm_problem_x,8,8,3,forall-lazy
883,12009,61,0,1,grounder_dcrm_qurm_prob1,25,5,17141,exists
10,2288,11,15,1,grounder_dcrm_qurm_problem_x,9,9,330,exists-prop
3688,88886,615,250,1,grounder_dcrm_qurm_network1new_all_8_3_instance,10,6,523,exists-stepshare
2425,89628,767,124,1,grounder_dcrm_qurm_network1new_all_6_4_instance,12,6,225,exists-stepshare
870045,82294469,412207,4527,1,grounder_dcrm_qurm_grounded-strips-os-sequencedstrips-small-5,24,15,5127,exists-code
2360,44027,314,126,1,grounder_dcrm_qurm_network1new_all_8_3_instance,11,6,129,exists-code
499213,43852038,89916,7318,1,grounder_dcrm_qurm_truck-2,17,14,10947,forall-code
1154,4963,76,34,1,grounder_dcrm_qurm_mprime-x-1,14,5,132,forall-stepshare
642,15819,134,64,1,grounder_dcrm_qurm_dlog-2-2-4,21,7,293,forall-stepshare
75977,4998759,13606,1592,1,grounder_dcrm_qurm_truck-1,13,11,6649,forall-stepshare
2,32,2,0,1,grounder_dcrm_qurm_instance_2_3,1,1,0,forall-stepshare
451,25992,153,14,1,grounder_dcrm_qurm_roverprob3726,18,8,191,forall-stepshare
5927,34690,132,55,1,grounder_dcrm_qurm_mprime-x-3,18,4,197,forall-stepshare
34,220,7,7,1,grounder_dcrm_qurm_briefcase-o3,2,2,17,forall-stepshare
36,1590,16,3,1,grounder_dcrm_qurm_printjob,15,9,12,forall-stepshare
25,1225,13,4,1,grounder_dcrm_qurm_pegsolitaire-sequential-002,5,5,13,forall-stepshare
229628,43446933,159252,409,1,grounder_dcrm_qurm_power1,19,19,2030,forall-stepshare
8,8,0,0,1,grounder_dcrm_qurm_briefcase-o2,1,1,0,forall-stepshare
35,621,14,7,1,grounder_dcrm_qurm_name,4,4,26,forall-stepshare
51,10033,29,2,1,grounder_dcrm_qurm_problem_x,17,9,19,forall-stepshare
1765,66092,602,126,1,grounder_dcrm_qurm_network1new_all_6_4_instance,12,6,481,forall-stepshare
682,53963,257,26,1,grounder_dcrm_qurm_roverprob4213,9,7,392,forall-stepshare
554,9326,107,20,1,grounder_dcrm_qurm_ztravel-1-3,7,6,159,forall-stepshare
66,6236,54,3,1,grounder_dcrm_qurm_grounded-strips-psr-s7-n1-l3-f70,12,8,11,forall-stepshare
4338,150855,267,144,1,grounder_dcrm_qurm_mprime-x-2,24,5,492,forall-stepshare
28996,2447759,6514,420,1,grounder_dcrm_qurm_grounded-truck-1,13,11,1886,forall-stepshare
19167,2941500,10065,40,1,grounder_dcrm_qurm_pfile01,9,9,2155,forall-stepshare
85016,4783378,11286,2013,1,grounder_dcrm_qurm_prob1,55,14,8863,forall-stepshare
12,593,9,1,1,grounder_dcrm_qurm_printjob,8,8,3,forall-stepshare
18,255,14,12,1,grounder_dcrm_qurm_tsp-3,3,3,33,forall-stepshare
8501,99872,379,99,1,grounder_dcrm_qurm_pathways-01,32,9,510,forall-stepshare
176,14448,89,6,1,grounder_dcrm_qurm_grounded-strips-psr-s5-n1-l3-f30,15,8,29,forall-stepshare
1922,56523,642,142,1,grounder_dcrm_qurm_strips-gripper-x-1,11,7,389,forall-stepshare
333919,11395489,13812,10124,1,grounder_dcrm_qurm_original,11,6,42485,forall-stepshare
77,4737,61,2,1,grounder_dcrm_qurm_grounded-strips-psr-s2-n1-l2-f50,9,8,9,forall-stepshare
37538,571550,2153,867,1,grounder_dcrm_qurm_strips-log-x-1,51,9,3817,forall-stepshare
188,2221,16,3,1,grounder_dcrm_qurm_pathways-01,9,5,14,forall-stepshare
9377,239952,972,340,1,grounder_dcrm_qurm_prob1,19,7,1230,forall-stepshare
426,13838,134,40,1,grounder_dcrm_qurm_name,10,10,267,forall-stepshare
862,7479,41,17,1,grounder_dcrm_qurm_pathways-02,21,7,68,forall-stepshare
25,60,1,0,1,grounder_dcrm_qurm_strips-movie-x-1,7,2,0,forall-stepshare
1637926,475398332,771677,1354,1,grounder_dcrm_qurm_strips-sat-x-1,17,15,36891,forall-stepshare
497,16298,91,38,1,grounder_dcrm_qurm_pathways-03,19,8,132,forall-stepshare
377,18053,77,36,1,grounder_dcrm_qurm_pathways-03,20,8,109,forall-stepshare
66555,9392057,40066,294,1,grounder_dcrm_qurm_power1,16,16,1289,forall-stepshare
29,3203,21,5,1,grounder_dcrm_qurm_problem_x,9,9,35,forall-stepshare
199,6274,45,13,1,grounder_dcrm_qurm_printjob,22,11,77,forall-stepshare
4990,487523,2017,37,1,grounder_dcrm_qurm_pfile02,7,7,1602,forall-stepshare
8441,380521,685,75,1,grounder_dcrm_qurm_strips-sat-x-1,14,7,938,forall-stepshare
171,4443,26,5,1,grounder_dcrm_qurm_pathways-01,9,5,23,forall-stepshare
431784,33023637,67774,5487,1,grounder_dcrm_qurm_truck-2,17,14,24858,forall-stepshare
6,732,10,1,1,grounder_dcrm_qurm_problem_x,8,8,8,forall-stepshare
1,2,0,0,1,grounder_dcrm_qurm_tsp-1,1,1,0,forall-stepshare
989,18900,147,29,1,grounder_dcrm_qurm_ztravel-2-4,14,5,226,forall-stepshare
18006,837912,2418,99,1,grounder_dcrm_qurm_pegsolitaire-sequential-011,9,9,396,forall-stepshare
3,25,2,2,1,grounder_dcrm_qurm_tsp-2,2,2,5,forall-stepshare
820,106223,406,22,1,grounder_dcrm_qurm_roverprob1234,11,9,468,forall-stepshare
453,7684,36,15,1,grounder_dcrm_qurm_pathways-02,25,7,79,forall-stepshare
17099,833528,2558,58,1,grounder_dcrm_qurm_pegsolitaire-sequential-014,9,9,203,forall-stepshare
127,964,17,7,1,grounder_dcrm_qurm_network1new_all_6_2_instance,5,3,27,forall-stepshare
6515,729635,2840,45,1,grounder_dcrm_qurm_pfile03,7,7,2046,forall-stepshare
3,5,0,0,1,grounder_dcrm_qurm_briefcase-o1,1,1,0,forall-stepshare
30816,597667,1546,471,1,grounder_dcrm_qurm_prob1,40,10,2124,forall-stepshare
1878,78238,673,123,1,grounder_dcrm_qurm_ztravel-1-2,10,8,767,forall-stepshare
133830,15842350,30569,1348,1,grounder_dcrm_qurm_grounded-truck-2,17,14,6771,forall-stepshare
89447,7333103,43181,807,1,grounder_dcrm_qurm_strips-gripper-x-2,17,11,2476,forall-stepshare
30,65,1,0,1,grounder_dcrm_qurm_strips-movie-x-2,7,2,0,forall-stepshare
35,70,1,0,1,grounder_dcrm_qurm_strips-movie-x-3,7,2,0,forall-stepshare
2,32,2,0,1,grounder_dcrm_qurm_instance_2_1,1,1,0,forall-stepshare
3,45,2,0,1,grounder_dcrm_qurm_instance_2_2,2,1,0,forall-stepshare
19727,2423942,7203,105,1,grounder_dcrm_qurm_strips-sat-x-1,11,10,2590,forall-stepshare
6862,658210,2580,241,1,grounder_dcrm_qurm_name,23,23,1779,forall-stepshare
3762,90718,622,255,1,grounder_dcrm_qurm_network1new_all_8_3_instance,10,6,1071,forall-stepshare
